lead_id,interaction_type,interaction_date,details
86,Meeting,1/1/2023,"{""follow_up_date"": ""2023-04-18"", ""priority"": ""high""}"
9,Meeting,1/1/2023,"{""follow_up_date"": ""2023-06-27"", ""priority"": ""low""}"
738,Call,1/1/2023,"{""follow_up_date"": ""2023-03-23"", ""priority"": ""medium""}"
243,Call,1/1/2023,"{""follow_up_date"": ""2023-08-25"", ""priority"": ""medium""}"
71,Call,1/2/2023,"{""follow_up_date"": ""2023-12-31"", ""priority"": ""medium""}"
939,Email,1/3/2023,"{""follow_up_date"": ""2023-02-03"", ""priority"": ""high""}"
948,Email,1/3/2023,"{""follow_up_date"": ""2024-01-02"", ""priority"": ""medium""}"
163,Meeting,1/3/2023,"{""follow_up_date"": ""2023-08-27"", ""priority"": ""medium""}"
810,Call,1/4/2023,"{""follow_up_date"": ""2023-11-29"", ""priority"": ""low""}"
782,Email,1/4/2023,"{""follow_up_date"": ""2023-06-09"", ""priority"": ""medium""}"
734,Email,1/4/2023,"{""follow_up_date"": ""2023-06-18"", ""priority"": ""medium""}"
171,Email,1/4/2023,"{""follow_up_date"": ""2023-06-18"", ""priority"": ""high""}"
707,Call,1/4/2023,"{""follow_up_date"": ""2023-05-06"", ""priority"": ""low""}"
881,Email,1/4/2023,"{""follow_up_date"": ""2023-11-17"", ""priority"": ""low""}"
910,Call,1/4/2023,"{""follow_up_date"": ""2023-08-22"", ""priority"": ""low""}"
694,Meeting,1/5/2023,"{""follow_up_date"": ""2023-07-24"", ""priority"": ""high""}"
508,Call,1/5/2023,"{""follow_up_date"": ""2023-05-31"", ""priority"": ""low""}"
715,Email,1/5/2023,"{""follow_up_date"": ""2023-04-26"", ""priority"": ""high""}"
705,Email,1/6/2023,"{""follow_up_date"": ""2023-11-21"", ""priority"": ""high""}"
256,Call,1/6/2023,"{""follow_up_date"": ""2023-05-25"", ""priority"": ""low""}"
462,Meeting,1/6/2023,"{""follow_up_date"": ""2023-02-15"", ""priority"": ""medium""}"
914,Call,1/7/2023,"{""follow_up_date"": ""2023-09-12"", ""priority"": ""high""}"
137,Email,1/7/2023,"{""follow_up_date"": ""2023-11-08"", ""priority"": ""medium""}"
795,Call,1/8/2023,"{""follow_up_date"": ""2023-12-01"", ""priority"": ""medium""}"
826,Meeting,1/9/2023,"{""follow_up_date"": ""2023-10-18"", ""priority"": ""high""}"
750,Meeting,1/9/2023,"{""follow_up_date"": ""2023-01-25"", ""priority"": ""medium""}"
778,Email,1/10/2023,"{""follow_up_date"": ""2023-12-22"", ""priority"": ""medium""}"
91,Meeting,1/10/2023,"{""follow_up_date"": ""2023-11-08"", ""priority"": ""medium""}"
448,Email,1/10/2023,"{""follow_up_date"": ""2023-08-14"", ""priority"": ""high""}"
96,Email,1/10/2023,"{""follow_up_date"": ""2023-08-06"", ""priority"": ""high""}"
439,Email,1/11/2023,"{""follow_up_date"": ""2023-02-09"", ""priority"": ""low""}"
61,Call,1/11/2023,"{""follow_up_date"": ""2023-03-11"", ""priority"": ""low""}"
883,Meeting,1/11/2023,"{""follow_up_date"": ""2023-10-14"", ""priority"": ""high""}"
218,Meeting,1/12/2023,"{""follow_up_date"": ""2023-07-18"", ""priority"": ""medium""}"
876,Call,1/13/2023,"{""follow_up_date"": ""2023-12-21"", ""priority"": ""medium""}"
330,Meeting,1/14/2023,"{""follow_up_date"": ""2023-05-25"", ""priority"": ""high""}"
521,Meeting,1/14/2023,"{""follow_up_date"": ""2023-09-23"", ""priority"": ""medium""}"
140,Meeting,1/15/2023,"{""follow_up_date"": ""2023-12-10"", ""priority"": ""high""}"
256,Email,1/16/2023,"{""follow_up_date"": ""2023-02-06"", ""priority"": ""medium""}"
434,Call,1/17/2023,"{""follow_up_date"": ""2023-03-05"", ""priority"": ""low""}"
726,Call,1/17/2023,"{""follow_up_date"": ""2023-12-15"", ""priority"": ""medium""}"
228,Email,1/18/2023,"{""follow_up_date"": ""2023-09-27"", ""priority"": ""low""}"
41,Email,1/18/2023,"{""follow_up_date"": ""2023-12-21"", ""priority"": ""high""}"
768,Email,1/18/2023,"{""follow_up_date"": ""2023-01-31"", ""priority"": ""low""}"
249,Meeting,1/19/2023,"{""follow_up_date"": ""2023-05-04"", ""priority"": ""high""}"
558,Email,1/19/2023,"{""follow_up_date"": ""2023-05-30"", ""priority"": ""medium""}"
736,Call,1/19/2023,"{""follow_up_date"": ""2023-06-28"", ""priority"": ""medium""}"
263,Call,1/19/2023,"{""follow_up_date"": ""2023-11-18"", ""priority"": ""high""}"
311,Meeting,1/20/2023,"{""follow_up_date"": ""2023-10-14"", ""priority"": ""low""}"
710,Email,1/20/2023,"{""follow_up_date"": ""2024-01-09"", ""priority"": ""low""}"
345,Call,1/20/2023,"{""follow_up_date"": ""2023-11-06"", ""priority"": ""medium""}"
317,Call,1/21/2023,"{""follow_up_date"": ""2023-03-09"", ""priority"": ""medium""}"
173,Call,1/21/2023,"{""follow_up_date"": ""2023-07-26"", ""priority"": ""low""}"
840,Email,1/21/2023,"{""follow_up_date"": ""2023-09-13"", ""priority"": ""high""}"
430,Meeting,1/21/2023,"{""follow_up_date"": ""2023-04-09"", ""priority"": ""medium""}"
990,Email,1/21/2023,"{""follow_up_date"": ""2023-04-25"", ""priority"": ""medium""}"
604,Call,1/21/2023,"{""follow_up_date"": ""2023-02-09"", ""priority"": ""high""}"
190,Email,1/22/2023,"{""follow_up_date"": ""2023-10-03"", ""priority"": ""medium""}"
286,Call,1/22/2023,"{""follow_up_date"": ""2024-01-22"", ""priority"": ""high""}"
197,Meeting,1/22/2023,"{""follow_up_date"": ""2024-01-21"", ""priority"": ""low""}"
599,Meeting,1/22/2023,"{""follow_up_date"": ""2024-01-11"", ""priority"": ""high""}"
314,Meeting,1/22/2023,"{""follow_up_date"": ""2023-05-24"", ""priority"": ""medium""}"
68,Email,1/22/2023,"{""follow_up_date"": ""2023-12-17"", ""priority"": ""medium""}"
382,Email,1/22/2023,"{""follow_up_date"": ""2023-09-11"", ""priority"": ""high""}"
963,Email,1/23/2023,"{""follow_up_date"": ""2023-08-04"", ""priority"": ""medium""}"
494,Meeting,1/23/2023,"{""follow_up_date"": ""2023-05-02"", ""priority"": ""high""}"
869,Email,1/23/2023,"{""follow_up_date"": ""2024-01-05"", ""priority"": ""low""}"
848,Meeting,1/23/2023,"{""follow_up_date"": ""2023-08-31"", ""priority"": ""low""}"
829,Meeting,1/24/2023,"{""follow_up_date"": ""2023-09-08"", ""priority"": ""high""}"
457,Call,1/25/2023,"{""follow_up_date"": ""2023-05-11"", ""priority"": ""medium""}"
624,Call,1/25/2023,"{""follow_up_date"": ""2023-09-06"", ""priority"": ""high""}"
141,Meeting,1/26/2023,"{""follow_up_date"": ""2023-09-24"", ""priority"": ""high""}"
735,Call,1/27/2023,"{""follow_up_date"": ""2023-12-27"", ""priority"": ""high""}"
205,Meeting,1/27/2023,"{""follow_up_date"": ""2023-06-11"", ""priority"": ""low""}"
521,Email,1/28/2023,"{""follow_up_date"": ""2023-03-06"", ""priority"": ""medium""}"
148,Meeting,1/29/2023,"{""follow_up_date"": ""2023-06-11"", ""priority"": ""high""}"
724,Call,1/29/2023,"{""follow_up_date"": ""2023-02-17"", ""priority"": ""low""}"
73,Meeting,1/29/2023,"{""follow_up_date"": ""2023-06-29"", ""priority"": ""high""}"
802,Meeting,1/29/2023,"{""follow_up_date"": ""2023-10-01"", ""priority"": ""high""}"
440,Meeting,1/30/2023,"{""follow_up_date"": ""2024-01-28"", ""priority"": ""high""}"
843,Call,1/30/2023,"{""follow_up_date"": ""2023-07-31"", ""priority"": ""low""}"
522,Email,1/31/2023,"{""follow_up_date"": ""2023-02-22"", ""priority"": ""low""}"
376,Meeting,1/31/2023,"{""follow_up_date"": ""2023-09-09"", ""priority"": ""low""}"
705,Email,2/1/2023,"{""follow_up_date"": ""2023-03-31"", ""priority"": ""low""}"
709,Meeting,2/2/2023,"{""follow_up_date"": ""2023-12-11"", ""priority"": ""low""}"
989,Meeting,2/2/2023,"{""follow_up_date"": ""2023-05-01"", ""priority"": ""low""}"
559,Meeting,2/2/2023,"{""follow_up_date"": ""2023-11-16"", ""priority"": ""medium""}"
238,Call,2/3/2023,"{""follow_up_date"": ""2023-11-25"", ""priority"": ""high""}"
237,Email,2/3/2023,"{""follow_up_date"": ""2023-03-27"", ""priority"": ""low""}"
134,Call,2/3/2023,"{""follow_up_date"": ""2023-10-10"", ""priority"": ""low""}"
339,Call,2/3/2023,"{""follow_up_date"": ""2023-10-19"", ""priority"": ""high""}"
864,Meeting,2/4/2023,"{""follow_up_date"": ""2024-01-21"", ""priority"": ""medium""}"
955,Email,2/5/2023,"{""follow_up_date"": ""2023-07-17"", ""priority"": ""medium""}"
959,Call,2/5/2023,"{""follow_up_date"": ""2023-11-14"", ""priority"": ""high""}"
310,Meeting,2/5/2023,"{""follow_up_date"": ""2023-09-20"", ""priority"": ""high""}"
567,Call,2/6/2023,"{""follow_up_date"": ""2023-11-17"", ""priority"": ""low""}"
998,Meeting,2/6/2023,"{""follow_up_date"": ""2023-04-14"", ""priority"": ""low""}"
555,Email,2/6/2023,"{""follow_up_date"": ""2023-12-11"", ""priority"": ""low""}"
210,Call,2/7/2023,"{""follow_up_date"": ""2024-01-31"", ""priority"": ""low""}"
799,Call,2/8/2023,"{""follow_up_date"": ""2023-10-09"", ""priority"": ""high""}"
697,Email,2/9/2023,"{""follow_up_date"": ""2023-04-20"", ""priority"": ""high""}"
180,Meeting,2/10/2023,"{""follow_up_date"": ""2023-12-03"", ""priority"": ""low""}"
448,Call,2/10/2023,"{""follow_up_date"": ""2023-05-28"", ""priority"": ""high""}"
746,Meeting,2/11/2023,"{""follow_up_date"": ""2023-02-25"", ""priority"": ""medium""}"
874,Meeting,2/11/2023,"{""follow_up_date"": ""2023-05-16"", ""priority"": ""high""}"
571,Email,2/12/2023,"{""follow_up_date"": ""2023-11-01"", ""priority"": ""medium""}"
803,Meeting,2/12/2023,"{""follow_up_date"": ""2023-11-22"", ""priority"": ""medium""}"
156,Email,2/12/2023,"{""follow_up_date"": ""2023-02-13"", ""priority"": ""high""}"
477,Email,2/12/2023,"{""follow_up_date"": ""2024-01-21"", ""priority"": ""high""}"
81,Email,2/12/2023,"{""follow_up_date"": ""2023-05-29"", ""priority"": ""high""}"
104,Email,2/13/2023,"{""follow_up_date"": ""2023-03-04"", ""priority"": ""low""}"
776,Call,2/15/2023,"{""follow_up_date"": ""2023-09-17"", ""priority"": ""high""}"
336,Call,2/15/2023,"{""follow_up_date"": ""2024-01-06"", ""priority"": ""low""}"
811,Meeting,2/15/2023,"{""follow_up_date"": ""2023-08-27"", ""priority"": ""low""}"
570,Call,2/15/2023,"{""follow_up_date"": ""2023-11-20"", ""priority"": ""high""}"
637,Email,2/16/2023,"{""follow_up_date"": ""2023-05-15"", ""priority"": ""medium""}"
974,Email,2/16/2023,"{""follow_up_date"": ""2023-07-10"", ""priority"": ""medium""}"
362,Call,2/16/2023,"{""follow_up_date"": ""2023-10-01"", ""priority"": ""medium""}"
475,Meeting,2/16/2023,"{""follow_up_date"": ""2023-09-13"", ""priority"": ""high""}"
915,Meeting,2/17/2023,"{""follow_up_date"": ""2023-07-12"", ""priority"": ""low""}"
719,Email,2/17/2023,"{""follow_up_date"": ""2023-04-07"", ""priority"": ""high""}"
533,Meeting,2/18/2023,"{""follow_up_date"": ""2023-11-27"", ""priority"": ""high""}"
586,Email,2/18/2023,"{""follow_up_date"": ""2023-03-24"", ""priority"": ""medium""}"
180,Call,2/19/2023,"{""follow_up_date"": ""2023-12-06"", ""priority"": ""medium""}"
200,Call,2/19/2023,"{""follow_up_date"": ""2024-01-16"", ""priority"": ""high""}"
356,Meeting,2/19/2023,"{""follow_up_date"": ""2024-02-12"", ""priority"": ""low""}"
349,Call,2/19/2023,"{""follow_up_date"": ""2023-12-19"", ""priority"": ""low""}"
452,Email,2/20/2023,"{""follow_up_date"": ""2023-09-24"", ""priority"": ""high""}"
2,Meeting,2/20/2023,"{""follow_up_date"": ""2023-10-24"", ""priority"": ""low""}"
345,Meeting,2/20/2023,"{""follow_up_date"": ""2023-07-28"", ""priority"": ""low""}"
371,Meeting,2/20/2023,"{""follow_up_date"": ""2023-08-26"", ""priority"": ""low""}"
63,Call,2/20/2023,"{""follow_up_date"": ""2024-02-06"", ""priority"": ""low""}"
118,Call,2/20/2023,"{""follow_up_date"": ""2023-07-10"", ""priority"": ""medium""}"
988,Meeting,2/21/2023,"{""follow_up_date"": ""2023-03-26"", ""priority"": ""low""}"
5,Email,2/22/2023,"{""follow_up_date"": ""2023-05-20"", ""priority"": ""high""}"
792,Meeting,2/22/2023,"{""follow_up_date"": ""2023-05-31"", ""priority"": ""medium""}"
968,Email,2/22/2023,"{""follow_up_date"": ""2023-08-09"", ""priority"": ""medium""}"
196,Meeting,2/23/2023,"{""follow_up_date"": ""2023-11-14"", ""priority"": ""medium""}"
811,Meeting,2/24/2023,"{""follow_up_date"": ""2024-02-13"", ""priority"": ""medium""}"
994,Call,2/24/2023,"{""follow_up_date"": ""2023-12-14"", ""priority"": ""high""}"
473,Meeting,2/25/2023,"{""follow_up_date"": ""2023-09-29"", ""priority"": ""high""}"
486,Email,2/25/2023,"{""follow_up_date"": ""2023-12-16"", ""priority"": ""high""}"
797,Meeting,2/26/2023,"{""follow_up_date"": ""2023-12-13"", ""priority"": ""medium""}"
419,Email,2/26/2023,"{""follow_up_date"": ""2023-09-15"", ""priority"": ""high""}"
573,Meeting,2/26/2023,"{""follow_up_date"": ""2023-07-19"", ""priority"": ""low""}"
572,Meeting,2/26/2023,"{""follow_up_date"": ""2023-04-29"", ""priority"": ""high""}"
561,Meeting,2/26/2023,"{""follow_up_date"": ""2023-08-09"", ""priority"": ""high""}"
278,Meeting,2/26/2023,"{""follow_up_date"": ""2024-02-10"", ""priority"": ""high""}"
41,Meeting,2/27/2023,"{""follow_up_date"": ""2023-06-08"", ""priority"": ""low""}"
430,Email,2/27/2023,"{""follow_up_date"": ""2023-12-07"", ""priority"": ""medium""}"
572,Meeting,2/27/2023,"{""follow_up_date"": ""2023-08-05"", ""priority"": ""low""}"
946,Call,2/27/2023,"{""follow_up_date"": ""2023-10-12"", ""priority"": ""medium""}"
591,Call,2/28/2023,"{""follow_up_date"": ""2024-02-04"", ""priority"": ""medium""}"
980,Email,2/28/2023,"{""follow_up_date"": ""2023-09-09"", ""priority"": ""medium""}"
607,Meeting,2/28/2023,"{""follow_up_date"": ""2023-07-06"", ""priority"": ""high""}"
308,Email,2/28/2023,"{""follow_up_date"": ""2023-09-09"", ""priority"": ""high""}"
855,Email,3/1/2023,"{""follow_up_date"": ""2023-03-12"", ""priority"": ""low""}"
633,Meeting,3/1/2023,"{""follow_up_date"": ""2023-09-26"", ""priority"": ""low""}"
258,Call,3/1/2023,"{""follow_up_date"": ""2023-05-12"", ""priority"": ""medium""}"
436,Call,3/2/2023,"{""follow_up_date"": ""2023-07-01"", ""priority"": ""low""}"
730,Call,3/3/2023,"{""follow_up_date"": ""2023-12-02"", ""priority"": ""high""}"
919,Email,3/3/2023,"{""follow_up_date"": ""2023-10-21"", ""priority"": ""high""}"
765,Call,3/3/2023,"{""follow_up_date"": ""2024-02-26"", ""priority"": ""medium""}"
701,Email,3/3/2023,"{""follow_up_date"": ""2023-06-02"", ""priority"": ""medium""}"
246,Meeting,3/3/2023,"{""follow_up_date"": ""2024-02-15"", ""priority"": ""medium""}"
267,Meeting,3/3/2023,"{""follow_up_date"": ""2023-03-05"", ""priority"": ""low""}"
490,Call,3/4/2023,"{""follow_up_date"": ""2023-09-01"", ""priority"": ""low""}"
150,Call,3/4/2023,"{""follow_up_date"": ""2023-05-28"", ""priority"": ""low""}"
828,Call,3/4/2023,"{""follow_up_date"": ""2024-01-17"", ""priority"": ""low""}"
567,Email,3/6/2023,"{""follow_up_date"": ""2023-06-19"", ""priority"": ""medium""}"
444,Call,3/6/2023,"{""follow_up_date"": ""2023-03-18"", ""priority"": ""medium""}"
525,Call,3/6/2023,"{""follow_up_date"": ""2023-06-20"", ""priority"": ""medium""}"
817,Meeting,3/6/2023,"{""follow_up_date"": ""2023-07-17"", ""priority"": ""medium""}"
868,Email,3/6/2023,"{""follow_up_date"": ""2023-11-06"", ""priority"": ""low""}"
681,Call,3/6/2023,"{""follow_up_date"": ""2023-11-09"", ""priority"": ""medium""}"
954,Email,3/7/2023,"{""follow_up_date"": ""2023-05-08"", ""priority"": ""low""}"
65,Call,3/7/2023,"{""follow_up_date"": ""2024-01-12"", ""priority"": ""high""}"
454,Meeting,3/7/2023,"{""follow_up_date"": ""2023-06-10"", ""priority"": ""medium""}"
297,Call,3/7/2023,"{""follow_up_date"": ""2023-08-14"", ""priority"": ""medium""}"
155,Email,3/7/2023,"{""follow_up_date"": ""2023-08-01"", ""priority"": ""low""}"
38,Email,3/8/2023,"{""follow_up_date"": ""2023-04-28"", ""priority"": ""medium""}"
673,Meeting,3/8/2023,"{""follow_up_date"": ""2023-07-30"", ""priority"": ""high""}"
271,Email,3/8/2023,"{""follow_up_date"": ""2023-12-05"", ""priority"": ""high""}"
990,Email,3/8/2023,"{""follow_up_date"": ""2024-03-05"", ""priority"": ""medium""}"
615,Email,3/8/2023,"{""follow_up_date"": ""2023-09-07"", ""priority"": ""low""}"
588,Meeting,3/9/2023,"{""follow_up_date"": ""2024-02-21"", ""priority"": ""high""}"
152,Meeting,3/10/2023,"{""follow_up_date"": ""2023-05-13"", ""priority"": ""low""}"
251,Call,3/10/2023,"{""follow_up_date"": ""2023-08-07"", ""priority"": ""low""}"
511,Meeting,3/11/2023,"{""follow_up_date"": ""2023-05-28"", ""priority"": ""medium""}"
427,Email,3/12/2023,"{""follow_up_date"": ""2023-03-16"", ""priority"": ""medium""}"
996,Meeting,3/12/2023,"{""follow_up_date"": ""2023-04-22"", ""priority"": ""low""}"
768,Meeting,3/12/2023,"{""follow_up_date"": ""2023-09-12"", ""priority"": ""high""}"
647,Meeting,3/14/2023,"{""follow_up_date"": ""2023-08-26"", ""priority"": ""high""}"
577,Call,3/14/2023,"{""follow_up_date"": ""2023-03-21"", ""priority"": ""medium""}"
251,Call,3/14/2023,"{""follow_up_date"": ""2023-06-24"", ""priority"": ""low""}"
636,Email,3/15/2023,"{""follow_up_date"": ""2023-06-14"", ""priority"": ""medium""}"
695,Email,3/15/2023,"{""follow_up_date"": ""2023-11-21"", ""priority"": ""low""}"
148,Meeting,3/16/2023,"{""follow_up_date"": ""2023-04-09"", ""priority"": ""high""}"
729,Email,3/16/2023,"{""follow_up_date"": ""2023-09-23"", ""priority"": ""low""}"
837,Email,3/16/2023,"{""follow_up_date"": ""2024-02-16"", ""priority"": ""low""}"
973,Email,3/17/2023,"{""follow_up_date"": ""2023-04-10"", ""priority"": ""high""}"
146,Call,3/17/2023,"{""follow_up_date"": ""2023-08-01"", ""priority"": ""low""}"
986,Email,3/17/2023,"{""follow_up_date"": ""2023-11-13"", ""priority"": ""medium""}"
239,Email,3/17/2023,"{""follow_up_date"": ""2023-10-01"", ""priority"": ""low""}"
441,Call,3/18/2023,"{""follow_up_date"": ""2023-04-22"", ""priority"": ""low""}"
714,Call,3/18/2023,"{""follow_up_date"": ""2024-01-11"", ""priority"": ""medium""}"
912,Call,3/19/2023,"{""follow_up_date"": ""2023-06-03"", ""priority"": ""low""}"
105,Meeting,3/19/2023,"{""follow_up_date"": ""2024-02-02"", ""priority"": ""high""}"
843,Meeting,3/19/2023,"{""follow_up_date"": ""2023-05-03"", ""priority"": ""low""}"
862,Call,3/20/2023,"{""follow_up_date"": ""2023-04-22"", ""priority"": ""low""}"
763,Meeting,3/20/2023,"{""follow_up_date"": ""2023-09-28"", ""priority"": ""low""}"
910,Email,3/20/2023,"{""follow_up_date"": ""2023-09-15"", ""priority"": ""high""}"
806,Call,3/20/2023,"{""follow_up_date"": ""2023-11-20"", ""priority"": ""high""}"
179,Call,3/21/2023,"{""follow_up_date"": ""2023-03-30"", ""priority"": ""high""}"
35,Email,3/21/2023,"{""follow_up_date"": ""2024-01-20"", ""priority"": ""high""}"
136,Call,3/22/2023,"{""follow_up_date"": ""2023-04-26"", ""priority"": ""low""}"
393,Call,3/22/2023,"{""follow_up_date"": ""2024-02-09"", ""priority"": ""medium""}"
382,Email,3/23/2023,"{""follow_up_date"": ""2023-03-28"", ""priority"": ""high""}"
190,Meeting,3/24/2023,"{""follow_up_date"": ""2024-01-20"", ""priority"": ""medium""}"
393,Meeting,3/24/2023,"{""follow_up_date"": ""2024-03-06"", ""priority"": ""medium""}"
18,Email,3/24/2023,"{""follow_up_date"": ""2024-02-11"", ""priority"": ""low""}"
578,Meeting,3/24/2023,"{""follow_up_date"": ""2023-05-10"", ""priority"": ""high""}"
61,Meeting,3/25/2023,"{""follow_up_date"": ""2023-09-09"", ""priority"": ""high""}"
409,Meeting,3/25/2023,"{""follow_up_date"": ""2023-07-19"", ""priority"": ""high""}"
324,Meeting,3/25/2023,"{""follow_up_date"": ""2023-11-19"", ""priority"": ""high""}"
680,Meeting,3/26/2023,"{""follow_up_date"": ""2023-10-04"", ""priority"": ""low""}"
135,Meeting,3/26/2023,"{""follow_up_date"": ""2023-08-11"", ""priority"": ""low""}"
918,Call,3/27/2023,"{""follow_up_date"": ""2023-04-28"", ""priority"": ""low""}"
212,Meeting,3/27/2023,"{""follow_up_date"": ""2023-05-31"", ""priority"": ""medium""}"
234,Call,3/28/2023,"{""follow_up_date"": ""2024-01-19"", ""priority"": ""low""}"
664,Call,3/28/2023,"{""follow_up_date"": ""2023-04-22"", ""priority"": ""low""}"
747,Meeting,3/28/2023,"{""follow_up_date"": ""2024-02-16"", ""priority"": ""medium""}"
530,Call,3/29/2023,"{""follow_up_date"": ""2023-12-27"", ""priority"": ""low""}"
187,Call,3/29/2023,"{""follow_up_date"": ""2023-09-07"", ""priority"": ""low""}"
642,Meeting,3/29/2023,"{""follow_up_date"": ""2023-12-03"", ""priority"": ""high""}"
730,Meeting,3/29/2023,"{""follow_up_date"": ""2024-02-12"", ""priority"": ""high""}"
150,Meeting,3/30/2023,"{""follow_up_date"": ""2023-09-19"", ""priority"": ""low""}"
504,Call,3/31/2023,"{""follow_up_date"": ""2023-08-16"", ""priority"": ""medium""}"
432,Email,4/1/2023,"{""follow_up_date"": ""2024-03-17"", ""priority"": ""low""}"
510,Call,4/2/2023,"{""follow_up_date"": ""2024-02-01"", ""priority"": ""low""}"
365,Email,4/2/2023,"{""follow_up_date"": ""2023-08-01"", ""priority"": ""high""}"
283,Meeting,4/2/2023,"{""follow_up_date"": ""2023-11-11"", ""priority"": ""low""}"
186,Meeting,4/3/2023,"{""follow_up_date"": ""2023-07-24"", ""priority"": ""medium""}"
438,Meeting,4/3/2023,"{""follow_up_date"": ""2023-07-05"", ""priority"": ""low""}"
701,Meeting,4/4/2023,"{""follow_up_date"": ""2023-06-18"", ""priority"": ""medium""}"
82,Meeting,4/4/2023,"{""follow_up_date"": ""2023-04-21"", ""priority"": ""low""}"
643,Call,4/4/2023,"{""follow_up_date"": ""2023-04-22"", ""priority"": ""low""}"
748,Call,4/5/2023,"{""follow_up_date"": ""2023-05-07"", ""priority"": ""low""}"
94,Meeting,4/5/2023,"{""follow_up_date"": ""2023-10-09"", ""priority"": ""high""}"
824,Call,4/5/2023,"{""follow_up_date"": ""2023-04-14"", ""priority"": ""high""}"
629,Email,4/5/2023,"{""follow_up_date"": ""2023-04-06"", ""priority"": ""high""}"
215,Email,4/5/2023,"{""follow_up_date"": ""2024-02-14"", ""priority"": ""high""}"
541,Meeting,4/6/2023,"{""follow_up_date"": ""2023-05-01"", ""priority"": ""medium""}"
765,Call,4/6/2023,"{""follow_up_date"": ""2023-08-16"", ""priority"": ""high""}"
100,Email,4/6/2023,"{""follow_up_date"": ""2023-04-21"", ""priority"": ""medium""}"
637,Call,4/7/2023,"{""follow_up_date"": ""2024-02-12"", ""priority"": ""medium""}"
280,Call,4/7/2023,"{""follow_up_date"": ""2023-08-14"", ""priority"": ""medium""}"
267,Email,4/7/2023,"{""follow_up_date"": ""2023-06-04"", ""priority"": ""low""}"
865,Email,4/8/2023,"{""follow_up_date"": ""2024-01-11"", ""priority"": ""medium""}"
362,Email,4/9/2023,"{""follow_up_date"": ""2023-04-13"", ""priority"": ""medium""}"
345,Email,4/9/2023,"{""follow_up_date"": ""2023-11-25"", ""priority"": ""high""}"
374,Meeting,4/9/2023,"{""follow_up_date"": ""2023-11-18"", ""priority"": ""low""}"
714,Email,4/9/2023,"{""follow_up_date"": ""2024-01-21"", ""priority"": ""medium""}"
898,Email,4/10/2023,"{""follow_up_date"": ""2023-07-09"", ""priority"": ""high""}"
989,Email,4/11/2023,"{""follow_up_date"": ""2023-12-12"", ""priority"": ""high""}"
601,Email,4/11/2023,"{""follow_up_date"": ""2023-12-20"", ""priority"": ""high""}"
128,Call,4/11/2023,"{""follow_up_date"": ""2024-01-23"", ""priority"": ""high""}"
171,Meeting,4/12/2023,"{""follow_up_date"": ""2024-02-11"", ""priority"": ""high""}"
902,Call,4/12/2023,"{""follow_up_date"": ""2024-03-02"", ""priority"": ""low""}"
345,Call,4/13/2023,"{""follow_up_date"": ""2023-12-05"", ""priority"": ""low""}"
546,Meeting,4/14/2023,"{""follow_up_date"": ""2023-05-12"", ""priority"": ""medium""}"
150,Meeting,4/14/2023,"{""follow_up_date"": ""2023-12-06"", ""priority"": ""high""}"
145,Email,4/15/2023,"{""follow_up_date"": ""2024-03-17"", ""priority"": ""low""}"
955,Meeting,4/15/2023,"{""follow_up_date"": ""2024-02-29"", ""priority"": ""medium""}"
41,Call,4/15/2023,"{""follow_up_date"": ""2023-08-26"", ""priority"": ""high""}"
698,Email,4/16/2023,"{""follow_up_date"": ""2023-11-25"", ""priority"": ""high""}"
673,Meeting,4/17/2023,"{""follow_up_date"": ""2023-05-08"", ""priority"": ""high""}"
713,Call,4/17/2023,"{""follow_up_date"": ""2023-11-14"", ""priority"": ""high""}"
10,Meeting,4/17/2023,"{""follow_up_date"": ""2023-12-14"", ""priority"": ""low""}"
478,Call,4/18/2023,"{""follow_up_date"": ""2024-01-12"", ""priority"": ""high""}"
984,Meeting,4/18/2023,"{""follow_up_date"": ""2023-12-05"", ""priority"": ""high""}"
99,Meeting,4/18/2023,"{""follow_up_date"": ""2023-08-30"", ""priority"": ""low""}"
673,Meeting,4/18/2023,"{""follow_up_date"": ""2023-12-05"", ""priority"": ""low""}"
794,Call,4/19/2023,"{""follow_up_date"": ""2023-10-16"", ""priority"": ""high""}"
157,Meeting,4/19/2023,"{""follow_up_date"": ""2023-07-18"", ""priority"": ""high""}"
494,Email,4/19/2023,"{""follow_up_date"": ""2024-03-31"", ""priority"": ""high""}"
959,Meeting,4/20/2023,"{""follow_up_date"": ""2023-04-20"", ""priority"": ""medium""}"
495,Call,4/20/2023,"{""follow_up_date"": ""2023-10-17"", ""priority"": ""low""}"
665,Call,4/20/2023,"{""follow_up_date"": ""2024-02-19"", ""priority"": ""medium""}"
368,Meeting,4/20/2023,"{""follow_up_date"": ""2023-11-27"", ""priority"": ""medium""}"
150,Meeting,4/20/2023,"{""follow_up_date"": ""2023-10-27"", ""priority"": ""low""}"
337,Call,4/21/2023,"{""follow_up_date"": ""2023-11-12"", ""priority"": ""low""}"
821,Call,4/21/2023,"{""follow_up_date"": ""2023-08-12"", ""priority"": ""low""}"
946,Email,4/21/2023,"{""follow_up_date"": ""2023-12-12"", ""priority"": ""medium""}"
897,Email,4/21/2023,"{""follow_up_date"": ""2023-10-09"", ""priority"": ""medium""}"
376,Call,4/22/2023,"{""follow_up_date"": ""2023-05-14"", ""priority"": ""medium""}"
260,Meeting,4/22/2023,"{""follow_up_date"": ""2023-09-16"", ""priority"": ""high""}"
521,Call,4/22/2023,"{""follow_up_date"": ""2024-04-12"", ""priority"": ""low""}"
527,Call,4/22/2023,"{""follow_up_date"": ""2024-04-16"", ""priority"": ""high""}"
561,Call,4/23/2023,"{""follow_up_date"": ""2024-04-01"", ""priority"": ""medium""}"
835,Email,4/23/2023,"{""follow_up_date"": ""2023-11-11"", ""priority"": ""low""}"
745,Email,4/23/2023,"{""follow_up_date"": ""2024-04-06"", ""priority"": ""medium""}"
20,Call,4/25/2023,"{""follow_up_date"": ""2024-01-11"", ""priority"": ""high""}"
639,Email,4/25/2023,"{""follow_up_date"": ""2023-06-28"", ""priority"": ""medium""}"
607,Call,4/25/2023,"{""follow_up_date"": ""2023-06-01"", ""priority"": ""medium""}"
390,Email,4/26/2023,"{""follow_up_date"": ""2023-07-02"", ""priority"": ""high""}"
137,Call,4/26/2023,"{""follow_up_date"": ""2023-11-30"", ""priority"": ""medium""}"
59,Email,4/26/2023,"{""follow_up_date"": ""2023-06-15"", ""priority"": ""low""}"
196,Call,4/26/2023,"{""follow_up_date"": ""2024-03-10"", ""priority"": ""medium""}"
901,Meeting,4/26/2023,"{""follow_up_date"": ""2024-03-21"", ""priority"": ""high""}"
303,Meeting,4/27/2023,"{""follow_up_date"": ""2024-02-04"", ""priority"": ""low""}"
340,Email,4/27/2023,"{""follow_up_date"": ""2023-10-13"", ""priority"": ""medium""}"
368,Meeting,4/28/2023,"{""follow_up_date"": ""2023-10-21"", ""priority"": ""low""}"
329,Meeting,4/28/2023,"{""follow_up_date"": ""2023-07-12"", ""priority"": ""low""}"
328,Call,4/29/2023,"{""follow_up_date"": ""2023-12-04"", ""priority"": ""high""}"
902,Meeting,4/29/2023,"{""follow_up_date"": ""2023-07-15"", ""priority"": ""high""}"
230,Email,4/29/2023,"{""follow_up_date"": ""2023-10-21"", ""priority"": ""high""}"
730,Meeting,4/29/2023,"{""follow_up_date"": ""2024-04-13"", ""priority"": ""medium""}"
397,Call,4/29/2023,"{""follow_up_date"": ""2023-06-23"", ""priority"": ""low""}"
630,Meeting,4/30/2023,"{""follow_up_date"": ""2023-10-29"", ""priority"": ""low""}"
165,Call,4/30/2023,"{""follow_up_date"": ""2024-02-25"", ""priority"": ""high""}"
973,Email,4/30/2023,"{""follow_up_date"": ""2023-09-26"", ""priority"": ""high""}"
680,Email,4/30/2023,"{""follow_up_date"": ""2023-08-05"", ""priority"": ""low""}"
896,Meeting,4/30/2023,"{""follow_up_date"": ""2023-07-19"", ""priority"": ""high""}"
936,Email,5/1/2023,"{""follow_up_date"": ""2023-06-12"", ""priority"": ""high""}"
677,Email,5/2/2023,"{""follow_up_date"": ""2023-09-06"", ""priority"": ""high""}"
741,Email,5/2/2023,"{""follow_up_date"": ""2024-04-04"", ""priority"": ""medium""}"
230,Email,5/2/2023,"{""follow_up_date"": ""2023-09-29"", ""priority"": ""low""}"
533,Email,5/2/2023,"{""follow_up_date"": ""2023-08-13"", ""priority"": ""medium""}"
950,Email,5/4/2023,"{""follow_up_date"": ""2023-08-18"", ""priority"": ""medium""}"
555,Meeting,5/4/2023,"{""follow_up_date"": ""2023-09-05"", ""priority"": ""high""}"
233,Email,5/5/2023,"{""follow_up_date"": ""2023-08-28"", ""priority"": ""high""}"
94,Meeting,5/5/2023,"{""follow_up_date"": ""2024-01-22"", ""priority"": ""low""}"
690,Call,5/5/2023,"{""follow_up_date"": ""2024-04-26"", ""priority"": ""low""}"
421,Email,5/6/2023,"{""follow_up_date"": ""2023-07-27"", ""priority"": ""medium""}"
977,Email,5/6/2023,"{""follow_up_date"": ""2023-07-25"", ""priority"": ""low""}"
454,Call,5/6/2023,"{""follow_up_date"": ""2023-07-30"", ""priority"": ""high""}"
99,Email,5/6/2023,"{""follow_up_date"": ""2023-09-21"", ""priority"": ""low""}"
323,Email,5/7/2023,"{""follow_up_date"": ""2023-11-25"", ""priority"": ""low""}"
80,Email,5/9/2023,"{""follow_up_date"": ""2023-12-06"", ""priority"": ""medium""}"
407,Call,5/9/2023,"{""follow_up_date"": ""2023-10-05"", ""priority"": ""medium""}"
688,Call,5/11/2023,"{""follow_up_date"": ""2023-09-03"", ""priority"": ""high""}"
465,Call,5/11/2023,"{""follow_up_date"": ""2024-03-26"", ""priority"": ""medium""}"
992,Email,5/11/2023,"{""follow_up_date"": ""2023-11-25"", ""priority"": ""low""}"
154,Email,5/11/2023,"{""follow_up_date"": ""2023-05-24"", ""priority"": ""medium""}"
410,Email,5/11/2023,"{""follow_up_date"": ""2024-01-24"", ""priority"": ""medium""}"
593,Call,5/13/2023,"{""follow_up_date"": ""2023-10-04"", ""priority"": ""high""}"
820,Email,5/14/2023,"{""follow_up_date"": ""2023-11-23"", ""priority"": ""medium""}"
36,Meeting,5/15/2023,"{""follow_up_date"": ""2023-08-26"", ""priority"": ""low""}"
86,Meeting,5/16/2023,"{""follow_up_date"": ""2024-03-20"", ""priority"": ""high""}"
827,Email,5/16/2023,"{""follow_up_date"": ""2024-04-19"", ""priority"": ""low""}"
747,Email,5/16/2023,"{""follow_up_date"": ""2023-09-21"", ""priority"": ""medium""}"
97,Email,5/16/2023,"{""follow_up_date"": ""2024-02-24"", ""priority"": ""medium""}"
464,Email,5/17/2023,"{""follow_up_date"": ""2024-02-28"", ""priority"": ""high""}"
612,Call,5/17/2023,"{""follow_up_date"": ""2023-09-18"", ""priority"": ""high""}"
180,Meeting,5/18/2023,"{""follow_up_date"": ""2023-07-31"", ""priority"": ""low""}"
142,Email,5/18/2023,"{""follow_up_date"": ""2023-11-28"", ""priority"": ""medium""}"
876,Call,5/18/2023,"{""follow_up_date"": ""2024-04-30"", ""priority"": ""low""}"
839,Email,5/18/2023,"{""follow_up_date"": ""2024-01-14"", ""priority"": ""medium""}"
816,Meeting,5/19/2023,"{""follow_up_date"": ""2023-11-23"", ""priority"": ""medium""}"
496,Call,5/20/2023,"{""follow_up_date"": ""2023-10-15"", ""priority"": ""medium""}"
652,Call,5/20/2023,"{""follow_up_date"": ""2023-09-10"", ""priority"": ""low""}"
469,Email,5/20/2023,"{""follow_up_date"": ""2024-01-02"", ""priority"": ""medium""}"
300,Meeting,5/20/2023,"{""follow_up_date"": ""2024-04-08"", ""priority"": ""medium""}"
306,Call,5/21/2023,"{""follow_up_date"": ""2023-09-21"", ""priority"": ""high""}"
592,Email,5/21/2023,"{""follow_up_date"": ""2023-10-14"", ""priority"": ""medium""}"
691,Email,5/21/2023,"{""follow_up_date"": ""2024-02-04"", ""priority"": ""medium""}"
145,Call,5/21/2023,"{""follow_up_date"": ""2024-03-07"", ""priority"": ""medium""}"
948,Email,5/21/2023,"{""follow_up_date"": ""2024-01-13"", ""priority"": ""low""}"
499,Meeting,5/21/2023,"{""follow_up_date"": ""2023-06-06"", ""priority"": ""high""}"
958,Meeting,5/21/2023,"{""follow_up_date"": ""2023-10-02"", ""priority"": ""medium""}"
984,Email,5/23/2023,"{""follow_up_date"": ""2023-08-28"", ""priority"": ""medium""}"
914,Meeting,5/24/2023,"{""follow_up_date"": ""2024-04-01"", ""priority"": ""low""}"
757,Call,5/24/2023,"{""follow_up_date"": ""2023-09-23"", ""priority"": ""medium""}"
518,Email,5/24/2023,"{""follow_up_date"": ""2023-06-11"", ""priority"": ""low""}"
485,Call,5/24/2023,"{""follow_up_date"": ""2023-10-05"", ""priority"": ""low""}"
609,Call,5/25/2023,"{""follow_up_date"": ""2023-12-14"", ""priority"": ""high""}"
979,Meeting,5/25/2023,"{""follow_up_date"": ""2024-02-02"", ""priority"": ""medium""}"
535,Email,5/25/2023,"{""follow_up_date"": ""2023-08-30"", ""priority"": ""low""}"
361,Email,5/26/2023,"{""follow_up_date"": ""2024-03-27"", ""priority"": ""high""}"
91,Meeting,5/26/2023,"{""follow_up_date"": ""2024-03-24"", ""priority"": ""low""}"
770,Email,5/26/2023,"{""follow_up_date"": ""2024-03-29"", ""priority"": ""high""}"
515,Call,5/26/2023,"{""follow_up_date"": ""2023-06-10"", ""priority"": ""high""}"
270,Email,5/27/2023,"{""follow_up_date"": ""2024-05-19"", ""priority"": ""low""}"
950,Email,5/27/2023,"{""follow_up_date"": ""2023-07-03"", ""priority"": ""medium""}"
606,Call,5/27/2023,"{""follow_up_date"": ""2023-12-13"", ""priority"": ""medium""}"
729,Meeting,5/27/2023,"{""follow_up_date"": ""2023-10-14"", ""priority"": ""medium""}"
628,Email,5/28/2023,"{""follow_up_date"": ""2023-08-20"", ""priority"": ""high""}"
126,Meeting,5/28/2023,"{""follow_up_date"": ""2024-02-23"", ""priority"": ""low""}"
377,Meeting,5/28/2023,"{""follow_up_date"": ""2024-05-19"", ""priority"": ""high""}"
14,Call,5/28/2023,"{""follow_up_date"": ""2024-03-27"", ""priority"": ""low""}"
25,Call,5/29/2023,"{""follow_up_date"": ""2024-03-18"", ""priority"": ""high""}"
533,Meeting,5/29/2023,"{""follow_up_date"": ""2023-09-12"", ""priority"": ""high""}"
487,Meeting,5/29/2023,"{""follow_up_date"": ""2023-06-26"", ""priority"": ""high""}"
858,Meeting,5/30/2023,"{""follow_up_date"": ""2023-07-12"", ""priority"": ""medium""}"
573,Call,5/30/2023,"{""follow_up_date"": ""2023-12-08"", ""priority"": ""medium""}"
194,Call,5/31/2023,"{""follow_up_date"": ""2024-02-25"", ""priority"": ""low""}"
496,Email,5/31/2023,"{""follow_up_date"": ""2024-01-09"", ""priority"": ""high""}"
946,Email,5/31/2023,"{""follow_up_date"": ""2023-09-03"", ""priority"": ""low""}"
921,Email,5/31/2023,"{""follow_up_date"": ""2023-10-29"", ""priority"": ""high""}"
642,Meeting,6/1/2023,"{""follow_up_date"": ""2024-03-11"", ""priority"": ""low""}"
966,Call,6/1/2023,"{""follow_up_date"": ""2024-01-16"", ""priority"": ""high""}"
650,Email,6/3/2023,"{""follow_up_date"": ""2023-09-30"", ""priority"": ""medium""}"
970,Meeting,6/3/2023,"{""follow_up_date"": ""2023-09-12"", ""priority"": ""low""}"
187,Email,6/3/2023,"{""follow_up_date"": ""2024-06-02"", ""priority"": ""medium""}"
739,Email,6/3/2023,"{""follow_up_date"": ""2024-03-10"", ""priority"": ""low""}"
750,Meeting,6/4/2023,"{""follow_up_date"": ""2023-08-13"", ""priority"": ""medium""}"
812,Meeting,6/5/2023,"{""follow_up_date"": ""2023-07-30"", ""priority"": ""high""}"
73,Meeting,6/5/2023,"{""follow_up_date"": ""2024-05-25"", ""priority"": ""medium""}"
373,Meeting,6/6/2023,"{""follow_up_date"": ""2023-12-16"", ""priority"": ""high""}"
539,Meeting,6/7/2023,"{""follow_up_date"": ""2023-11-03"", ""priority"": ""medium""}"
187,Email,6/7/2023,"{""follow_up_date"": ""2023-12-06"", ""priority"": ""medium""}"
994,Call,6/7/2023,"{""follow_up_date"": ""2023-10-09"", ""priority"": ""high""}"
727,Email,6/7/2023,"{""follow_up_date"": ""2024-03-30"", ""priority"": ""high""}"
61,Call,6/7/2023,"{""follow_up_date"": ""2024-02-13"", ""priority"": ""medium""}"
774,Meeting,6/8/2023,"{""follow_up_date"": ""2023-09-18"", ""priority"": ""medium""}"
912,Call,6/8/2023,"{""follow_up_date"": ""2023-08-01"", ""priority"": ""low""}"
90,Meeting,6/9/2023,"{""follow_up_date"": ""2023-07-27"", ""priority"": ""medium""}"
344,Meeting,6/9/2023,"{""follow_up_date"": ""2023-10-31"", ""priority"": ""medium""}"
706,Email,6/9/2023,"{""follow_up_date"": ""2023-11-05"", ""priority"": ""high""}"
930,Email,6/10/2023,"{""follow_up_date"": ""2023-08-23"", ""priority"": ""low""}"
7,Meeting,6/10/2023,"{""follow_up_date"": ""2023-11-21"", ""priority"": ""medium""}"
220,Call,6/11/2023,"{""follow_up_date"": ""2024-04-06"", ""priority"": ""high""}"
763,Call,6/11/2023,"{""follow_up_date"": ""2024-04-14"", ""priority"": ""medium""}"
428,Email,6/12/2023,"{""follow_up_date"": ""2023-11-17"", ""priority"": ""high""}"
886,Call,6/12/2023,"{""follow_up_date"": ""2023-10-20"", ""priority"": ""low""}"
952,Email,6/12/2023,"{""follow_up_date"": ""2023-10-19"", ""priority"": ""high""}"
958,Meeting,6/12/2023,"{""follow_up_date"": ""2023-08-20"", ""priority"": ""low""}"
708,Call,6/13/2023,"{""follow_up_date"": ""2024-01-01"", ""priority"": ""medium""}"
170,Email,6/13/2023,"{""follow_up_date"": ""2023-12-16"", ""priority"": ""high""}"
12,Call,6/13/2023,"{""follow_up_date"": ""2023-11-22"", ""priority"": ""high""}"
867,Email,6/13/2023,"{""follow_up_date"": ""2024-05-24"", ""priority"": ""low""}"
37,Meeting,6/14/2023,"{""follow_up_date"": ""2023-08-03"", ""priority"": ""high""}"
305,Email,6/14/2023,"{""follow_up_date"": ""2023-11-14"", ""priority"": ""low""}"
382,Call,6/14/2023,"{""follow_up_date"": ""2024-04-02"", ""priority"": ""high""}"
760,Call,6/15/2023,"{""follow_up_date"": ""2023-08-25"", ""priority"": ""high""}"
175,Email,6/15/2023,"{""follow_up_date"": ""2024-05-29"", ""priority"": ""high""}"
123,Meeting,6/16/2023,"{""follow_up_date"": ""2024-03-16"", ""priority"": ""medium""}"
413,Call,6/16/2023,"{""follow_up_date"": ""2023-09-28"", ""priority"": ""medium""}"
478,Email,6/17/2023,"{""follow_up_date"": ""2023-11-10"", ""priority"": ""low""}"
509,Call,6/17/2023,"{""follow_up_date"": ""2024-01-26"", ""priority"": ""high""}"
44,Call,6/19/2023,"{""follow_up_date"": ""2023-08-24"", ""priority"": ""low""}"
94,Meeting,6/19/2023,"{""follow_up_date"": ""2024-04-13"", ""priority"": ""high""}"
938,Email,6/19/2023,"{""follow_up_date"": ""2023-08-20"", ""priority"": ""medium""}"
970,Meeting,6/20/2023,"{""follow_up_date"": ""2024-01-12"", ""priority"": ""low""}"
552,Call,6/21/2023,"{""follow_up_date"": ""2024-01-17"", ""priority"": ""low""}"
203,Email,6/21/2023,"{""follow_up_date"": ""2023-11-10"", ""priority"": ""high""}"
355,Meeting,6/22/2023,"{""follow_up_date"": ""2023-08-24"", ""priority"": ""medium""}"
226,Meeting,6/22/2023,"{""follow_up_date"": ""2024-01-19"", ""priority"": ""high""}"
613,Email,6/23/2023,"{""follow_up_date"": ""2024-01-27"", ""priority"": ""low""}"
564,Email,6/24/2023,"{""follow_up_date"": ""2024-05-23"", ""priority"": ""medium""}"
712,Meeting,6/24/2023,"{""follow_up_date"": ""2024-03-30"", ""priority"": ""high""}"
355,Meeting,6/25/2023,"{""follow_up_date"": ""2023-09-05"", ""priority"": ""low""}"
690,Call,6/25/2023,"{""follow_up_date"": ""2023-07-17"", ""priority"": ""high""}"
356,Meeting,6/25/2023,"{""follow_up_date"": ""2023-12-29"", ""priority"": ""medium""}"
283,Meeting,6/25/2023,"{""follow_up_date"": ""2023-07-09"", ""priority"": ""high""}"
756,Email,6/25/2023,"{""follow_up_date"": ""2023-10-12"", ""priority"": ""high""}"
341,Meeting,6/26/2023,"{""follow_up_date"": ""2024-01-30"", ""priority"": ""medium""}"
92,Email,6/26/2023,"{""follow_up_date"": ""2023-10-27"", ""priority"": ""medium""}"
513,Meeting,6/27/2023,"{""follow_up_date"": ""2024-01-07"", ""priority"": ""high""}"
12,Call,6/27/2023,"{""follow_up_date"": ""2023-08-07"", ""priority"": ""medium""}"
165,Call,6/28/2023,"{""follow_up_date"": ""2024-02-27"", ""priority"": ""high""}"
867,Meeting,6/28/2023,"{""follow_up_date"": ""2023-09-22"", ""priority"": ""low""}"
478,Email,6/29/2023,"{""follow_up_date"": ""2023-11-17"", ""priority"": ""low""}"
702,Call,6/29/2023,"{""follow_up_date"": ""2023-10-10"", ""priority"": ""medium""}"
385,Meeting,6/29/2023,"{""follow_up_date"": ""2023-12-18"", ""priority"": ""low""}"
395,Meeting,6/29/2023,"{""follow_up_date"": ""2023-12-18"", ""priority"": ""medium""}"
544,Meeting,6/29/2023,"{""follow_up_date"": ""2024-02-02"", ""priority"": ""high""}"
488,Meeting,6/29/2023,"{""follow_up_date"": ""2024-05-03"", ""priority"": ""low""}"
317,Meeting,6/29/2023,"{""follow_up_date"": ""2023-11-19"", ""priority"": ""low""}"
714,Email,6/29/2023,"{""follow_up_date"": ""2024-01-06"", ""priority"": ""high""}"
306,Call,6/29/2023,"{""follow_up_date"": ""2023-08-28"", ""priority"": ""high""}"
683,Call,6/29/2023,"{""follow_up_date"": ""2024-05-13"", ""priority"": ""low""}"
995,Meeting,6/30/2023,"{""follow_up_date"": ""2024-04-09"", ""priority"": ""low""}"
322,Call,7/1/2023,"{""follow_up_date"": ""2023-08-25"", ""priority"": ""high""}"
232,Call,7/1/2023,"{""follow_up_date"": ""2024-05-26"", ""priority"": ""high""}"
831,Call,7/2/2023,"{""follow_up_date"": ""2023-12-05"", ""priority"": ""high""}"
346,Meeting,7/2/2023,"{""follow_up_date"": ""2024-01-01"", ""priority"": ""low""}"
784,Meeting,7/3/2023,"{""follow_up_date"": ""2023-10-01"", ""priority"": ""medium""}"
795,Meeting,7/4/2023,"{""follow_up_date"": ""2023-11-11"", ""priority"": ""high""}"
537,Email,7/4/2023,"{""follow_up_date"": ""2024-04-10"", ""priority"": ""high""}"
940,Meeting,7/4/2023,"{""follow_up_date"": ""2024-01-01"", ""priority"": ""low""}"
977,Call,7/5/2023,"{""follow_up_date"": ""2023-10-27"", ""priority"": ""high""}"
500,Call,7/5/2023,"{""follow_up_date"": ""2024-06-15"", ""priority"": ""low""}"
183,Call,7/5/2023,"{""follow_up_date"": ""2023-08-10"", ""priority"": ""medium""}"
740,Call,7/5/2023,"{""follow_up_date"": ""2024-05-23"", ""priority"": ""low""}"
204,Meeting,7/5/2023,"{""follow_up_date"": ""2023-07-09"", ""priority"": ""low""}"
983,Call,7/6/2023,"{""follow_up_date"": ""2024-06-29"", ""priority"": ""high""}"
965,Email,7/6/2023,"{""follow_up_date"": ""2024-02-23"", ""priority"": ""high""}"
745,Call,7/6/2023,"{""follow_up_date"": ""2023-09-13"", ""priority"": ""low""}"
909,Meeting,7/6/2023,"{""follow_up_date"": ""2024-03-24"", ""priority"": ""medium""}"
42,Call,7/6/2023,"{""follow_up_date"": ""2023-09-02"", ""priority"": ""low""}"
970,Email,7/6/2023,"{""follow_up_date"": ""2024-02-14"", ""priority"": ""high""}"
744,Email,7/7/2023,"{""follow_up_date"": ""2024-05-20"", ""priority"": ""medium""}"
870,Call,7/7/2023,"{""follow_up_date"": ""2023-08-19"", ""priority"": ""high""}"
296,Meeting,7/7/2023,"{""follow_up_date"": ""2023-08-26"", ""priority"": ""low""}"
339,Meeting,7/7/2023,"{""follow_up_date"": ""2023-07-17"", ""priority"": ""high""}"
280,Call,7/7/2023,"{""follow_up_date"": ""2023-09-13"", ""priority"": ""low""}"
537,Meeting,7/8/2023,"{""follow_up_date"": ""2023-11-13"", ""priority"": ""low""}"
578,Meeting,7/8/2023,"{""follow_up_date"": ""2024-04-17"", ""priority"": ""low""}"
895,Meeting,7/9/2023,"{""follow_up_date"": ""2024-02-26"", ""priority"": ""low""}"
412,Meeting,7/9/2023,"{""follow_up_date"": ""2024-02-03"", ""priority"": ""medium""}"
169,Email,7/9/2023,"{""follow_up_date"": ""2024-06-14"", ""priority"": ""low""}"
114,Call,7/9/2023,"{""follow_up_date"": ""2024-04-18"", ""priority"": ""high""}"
998,Call,7/10/2023,"{""follow_up_date"": ""2023-10-14"", ""priority"": ""medium""}"
755,Meeting,7/10/2023,"{""follow_up_date"": ""2024-07-02"", ""priority"": ""medium""}"
412,Call,7/11/2023,"{""follow_up_date"": ""2023-10-19"", ""priority"": ""low""}"
172,Call,7/13/2023,"{""follow_up_date"": ""2024-06-23"", ""priority"": ""high""}"
702,Email,7/14/2023,"{""follow_up_date"": ""2024-07-04"", ""priority"": ""low""}"
220,Call,7/14/2023,"{""follow_up_date"": ""2023-10-08"", ""priority"": ""low""}"
533,Email,7/14/2023,"{""follow_up_date"": ""2024-03-26"", ""priority"": ""medium""}"
140,Email,7/15/2023,"{""follow_up_date"": ""2024-04-09"", ""priority"": ""medium""}"
322,Email,7/16/2023,"{""follow_up_date"": ""2024-01-17"", ""priority"": ""low""}"
168,Meeting,7/16/2023,"{""follow_up_date"": ""2023-10-27"", ""priority"": ""medium""}"
485,Meeting,7/16/2023,"{""follow_up_date"": ""2024-03-05"", ""priority"": ""high""}"
258,Call,7/16/2023,"{""follow_up_date"": ""2024-06-07"", ""priority"": ""high""}"
253,Meeting,7/16/2023,"{""follow_up_date"": ""2023-09-23"", ""priority"": ""low""}"
230,Call,7/17/2023,"{""follow_up_date"": ""2023-09-23"", ""priority"": ""high""}"
19,Meeting,7/17/2023,"{""follow_up_date"": ""2024-02-09"", ""priority"": ""high""}"
74,Email,7/17/2023,"{""follow_up_date"": ""2023-11-24"", ""priority"": ""medium""}"
321,Meeting,7/17/2023,"{""follow_up_date"": ""2023-12-06"", ""priority"": ""high""}"
458,Meeting,7/17/2023,"{""follow_up_date"": ""2023-09-09"", ""priority"": ""high""}"
35,Email,7/17/2023,"{""follow_up_date"": ""2023-11-02"", ""priority"": ""medium""}"
619,Call,7/17/2023,"{""follow_up_date"": ""2024-03-01"", ""priority"": ""low""}"
78,Call,7/18/2023,"{""follow_up_date"": ""2024-04-19"", ""priority"": ""medium""}"
714,Call,7/18/2023,"{""follow_up_date"": ""2024-04-27"", ""priority"": ""low""}"
942,Meeting,7/18/2023,"{""follow_up_date"": ""2024-02-26"", ""priority"": ""medium""}"
629,Call,7/18/2023,"{""follow_up_date"": ""2023-10-05"", ""priority"": ""low""}"
344,Meeting,7/19/2023,"{""follow_up_date"": ""2024-03-21"", ""priority"": ""high""}"
707,Email,7/19/2023,"{""follow_up_date"": ""2023-10-30"", ""priority"": ""medium""}"
757,Email,7/20/2023,"{""follow_up_date"": ""2024-04-15"", ""priority"": ""medium""}"
106,Meeting,7/20/2023,"{""follow_up_date"": ""2024-03-08"", ""priority"": ""medium""}"
514,Meeting,7/20/2023,"{""follow_up_date"": ""2024-01-14"", ""priority"": ""low""}"
732,Email,7/20/2023,"{""follow_up_date"": ""2024-04-18"", ""priority"": ""medium""}"
597,Email,7/22/2023,"{""follow_up_date"": ""2024-05-17"", ""priority"": ""high""}"
540,Call,7/22/2023,"{""follow_up_date"": ""2024-05-06"", ""priority"": ""medium""}"
217,Meeting,7/23/2023,"{""follow_up_date"": ""2024-02-26"", ""priority"": ""high""}"
197,Meeting,7/23/2023,"{""follow_up_date"": ""2023-10-22"", ""priority"": ""medium""}"
631,Call,7/23/2023,"{""follow_up_date"": ""2024-05-12"", ""priority"": ""medium""}"
706,Call,7/23/2023,"{""follow_up_date"": ""2024-03-29"", ""priority"": ""medium""}"
470,Email,7/24/2023,"{""follow_up_date"": ""2024-02-10"", ""priority"": ""medium""}"
592,Email,7/24/2023,"{""follow_up_date"": ""2024-04-06"", ""priority"": ""high""}"
603,Email,7/25/2023,"{""follow_up_date"": ""2024-07-15"", ""priority"": ""medium""}"
926,Email,7/25/2023,"{""follow_up_date"": ""2024-05-26"", ""priority"": ""low""}"
33,Email,7/26/2023,"{""follow_up_date"": ""2023-09-19"", ""priority"": ""high""}"
722,Call,7/26/2023,"{""follow_up_date"": ""2023-09-27"", ""priority"": ""medium""}"
742,Meeting,7/27/2023,"{""follow_up_date"": ""2023-12-08"", ""priority"": ""high""}"
457,Call,7/27/2023,"{""follow_up_date"": ""2024-01-22"", ""priority"": ""low""}"
622,Call,7/27/2023,"{""follow_up_date"": ""2024-06-16"", ""priority"": ""high""}"
106,Meeting,7/27/2023,"{""follow_up_date"": ""2023-12-06"", ""priority"": ""medium""}"
686,Meeting,7/27/2023,"{""follow_up_date"": ""2023-11-21"", ""priority"": ""low""}"
152,Meeting,7/27/2023,"{""follow_up_date"": ""2023-10-22"", ""priority"": ""low""}"
328,Email,7/28/2023,"{""follow_up_date"": ""2024-04-29"", ""priority"": ""medium""}"
202,Meeting,7/28/2023,"{""follow_up_date"": ""2024-07-23"", ""priority"": ""low""}"
496,Meeting,7/28/2023,"{""follow_up_date"": ""2024-01-15"", ""priority"": ""low""}"
1000,Meeting,7/28/2023,"{""follow_up_date"": ""2024-03-15"", ""priority"": ""low""}"
145,Email,7/29/2023,"{""follow_up_date"": ""2024-04-25"", ""priority"": ""medium""}"
124,Email,7/29/2023,"{""follow_up_date"": ""2023-08-08"", ""priority"": ""low""}"
954,Meeting,7/29/2023,"{""follow_up_date"": ""2024-06-30"", ""priority"": ""medium""}"
545,Email,7/29/2023,"{""follow_up_date"": ""2024-05-13"", ""priority"": ""high""}"
945,Call,7/29/2023,"{""follow_up_date"": ""2023-12-07"", ""priority"": ""medium""}"
272,Meeting,7/30/2023,"{""follow_up_date"": ""2024-03-17"", ""priority"": ""medium""}"
118,Meeting,7/30/2023,"{""follow_up_date"": ""2023-10-28"", ""priority"": ""high""}"
391,Call,7/30/2023,"{""follow_up_date"": ""2024-06-28"", ""priority"": ""medium""}"
45,Email,7/30/2023,"{""follow_up_date"": ""2024-03-19"", ""priority"": ""high""}"
821,Email,8/1/2023,"{""follow_up_date"": ""2023-09-24"", ""priority"": ""medium""}"
799,Email,8/1/2023,"{""follow_up_date"": ""2023-09-17"", ""priority"": ""medium""}"
379,Email,8/1/2023,"{""follow_up_date"": ""2023-10-31"", ""priority"": ""low""}"
208,Meeting,8/1/2023,"{""follow_up_date"": ""2023-10-08"", ""priority"": ""high""}"
418,Email,8/1/2023,"{""follow_up_date"": ""2024-07-30"", ""priority"": ""medium""}"
548,Meeting,8/2/2023,"{""follow_up_date"": ""2023-12-05"", ""priority"": ""medium""}"
646,Call,8/3/2023,"{""follow_up_date"": ""2024-07-11"", ""priority"": ""low""}"
481,Call,8/3/2023,"{""follow_up_date"": ""2024-04-28"", ""priority"": ""high""}"
487,Meeting,8/3/2023,"{""follow_up_date"": ""2023-08-27"", ""priority"": ""high""}"
901,Meeting,8/4/2023,"{""follow_up_date"": ""2024-04-14"", ""priority"": ""high""}"
214,Email,8/4/2023,"{""follow_up_date"": ""2024-01-26"", ""priority"": ""low""}"
420,Meeting,8/6/2023,"{""follow_up_date"": ""2024-03-18"", ""priority"": ""medium""}"
731,Call,8/6/2023,"{""follow_up_date"": ""2024-05-14"", ""priority"": ""low""}"
514,Email,8/6/2023,"{""follow_up_date"": ""2024-01-28"", ""priority"": ""high""}"
847,Meeting,8/6/2023,"{""follow_up_date"": ""2023-12-02"", ""priority"": ""low""}"
348,Meeting,8/6/2023,"{""follow_up_date"": ""2024-07-11"", ""priority"": ""high""}"
7,Call,8/6/2023,"{""follow_up_date"": ""2023-11-02"", ""priority"": ""low""}"
944,Email,8/7/2023,"{""follow_up_date"": ""2024-01-25"", ""priority"": ""low""}"
650,Meeting,8/7/2023,"{""follow_up_date"": ""2024-05-18"", ""priority"": ""medium""}"
854,Email,8/7/2023,"{""follow_up_date"": ""2024-02-16"", ""priority"": ""high""}"
809,Call,8/7/2023,"{""follow_up_date"": ""2024-05-10"", ""priority"": ""high""}"
648,Call,8/7/2023,"{""follow_up_date"": ""2024-04-05"", ""priority"": ""medium""}"
212,Email,8/7/2023,"{""follow_up_date"": ""2023-10-12"", ""priority"": ""high""}"
407,Email,8/8/2023,"{""follow_up_date"": ""2023-09-18"", ""priority"": ""medium""}"
652,Call,8/8/2023,"{""follow_up_date"": ""2024-04-22"", ""priority"": ""high""}"
329,Call,8/8/2023,"{""follow_up_date"": ""2023-12-04"", ""priority"": ""high""}"
662,Call,8/8/2023,"{""follow_up_date"": ""2023-09-26"", ""priority"": ""low""}"
611,Meeting,8/8/2023,"{""follow_up_date"": ""2024-08-07"", ""priority"": ""low""}"
642,Call,8/8/2023,"{""follow_up_date"": ""2024-06-29"", ""priority"": ""medium""}"
210,Call,8/10/2023,"{""follow_up_date"": ""2024-07-28"", ""priority"": ""high""}"
426,Call,8/11/2023,"{""follow_up_date"": ""2024-06-12"", ""priority"": ""medium""}"
568,Email,8/11/2023,"{""follow_up_date"": ""2024-05-09"", ""priority"": ""high""}"
223,Meeting,8/12/2023,"{""follow_up_date"": ""2023-11-03"", ""priority"": ""low""}"
123,Call,8/12/2023,"{""follow_up_date"": ""2023-09-11"", ""priority"": ""medium""}"
101,Email,8/12/2023,"{""follow_up_date"": ""2024-06-21"", ""priority"": ""medium""}"
395,Meeting,8/13/2023,"{""follow_up_date"": ""2024-01-01"", ""priority"": ""high""}"
179,Meeting,8/13/2023,"{""follow_up_date"": ""2023-09-02"", ""priority"": ""medium""}"
807,Call,8/13/2023,"{""follow_up_date"": ""2024-04-20"", ""priority"": ""low""}"
68,Call,8/13/2023,"{""follow_up_date"": ""2023-08-16"", ""priority"": ""medium""}"
616,Email,8/14/2023,"{""follow_up_date"": ""2023-09-27"", ""priority"": ""low""}"
147,Meeting,8/14/2023,"{""follow_up_date"": ""2024-05-20"", ""priority"": ""medium""}"
367,Meeting,8/14/2023,"{""follow_up_date"": ""2024-03-01"", ""priority"": ""high""}"
644,Call,8/14/2023,"{""follow_up_date"": ""2024-01-30"", ""priority"": ""low""}"
176,Email,8/14/2023,"{""follow_up_date"": ""2024-05-22"", ""priority"": ""medium""}"
353,Email,8/15/2023,"{""follow_up_date"": ""2023-12-13"", ""priority"": ""high""}"
54,Email,8/15/2023,"{""follow_up_date"": ""2024-01-26"", ""priority"": ""medium""}"
493,Email,8/15/2023,"{""follow_up_date"": ""2024-04-12"", ""priority"": ""low""}"
513,Meeting,8/16/2023,"{""follow_up_date"": ""2024-05-20"", ""priority"": ""low""}"
585,Meeting,8/16/2023,"{""follow_up_date"": ""2024-03-02"", ""priority"": ""medium""}"
747,Email,8/16/2023,"{""follow_up_date"": ""2023-12-30"", ""priority"": ""medium""}"
836,Meeting,8/16/2023,"{""follow_up_date"": ""2024-02-03"", ""priority"": ""low""}"
836,Meeting,8/17/2023,"{""follow_up_date"": ""2023-10-28"", ""priority"": ""low""}"
746,Meeting,8/17/2023,"{""follow_up_date"": ""2024-04-04"", ""priority"": ""low""}"
875,Meeting,8/17/2023,"{""follow_up_date"": ""2023-12-09"", ""priority"": ""medium""}"
156,Email,8/17/2023,"{""follow_up_date"": ""2024-01-02"", ""priority"": ""medium""}"
878,Call,8/18/2023,"{""follow_up_date"": ""2024-06-03"", ""priority"": ""high""}"
568,Call,8/18/2023,"{""follow_up_date"": ""2024-04-02"", ""priority"": ""high""}"
976,Email,8/18/2023,"{""follow_up_date"": ""2024-08-11"", ""priority"": ""high""}"
576,Meeting,8/18/2023,"{""follow_up_date"": ""2024-04-20"", ""priority"": ""medium""}"
116,Meeting,8/18/2023,"{""follow_up_date"": ""2023-12-24"", ""priority"": ""low""}"
15,Meeting,8/19/2023,"{""follow_up_date"": ""2024-02-04"", ""priority"": ""medium""}"
321,Email,8/19/2023,"{""follow_up_date"": ""2023-10-18"", ""priority"": ""high""}"
749,Call,8/19/2023,"{""follow_up_date"": ""2024-08-10"", ""priority"": ""high""}"
207,Email,8/19/2023,"{""follow_up_date"": ""2023-09-27"", ""priority"": ""low""}"
682,Email,8/19/2023,"{""follow_up_date"": ""2023-12-21"", ""priority"": ""medium""}"
835,Call,8/20/2023,"{""follow_up_date"": ""2023-12-10"", ""priority"": ""medium""}"
527,Meeting,8/20/2023,"{""follow_up_date"": ""2024-08-12"", ""priority"": ""medium""}"
311,Email,8/20/2023,"{""follow_up_date"": ""2023-12-20"", ""priority"": ""high""}"
750,Email,8/20/2023,"{""follow_up_date"": ""2023-09-28"", ""priority"": ""high""}"
649,Meeting,8/20/2023,"{""follow_up_date"": ""2024-07-22"", ""priority"": ""low""}"
973,Meeting,8/21/2023,"{""follow_up_date"": ""2024-04-12"", ""priority"": ""medium""}"
334,Meeting,8/21/2023,"{""follow_up_date"": ""2023-09-17"", ""priority"": ""high""}"
577,Call,8/21/2023,"{""follow_up_date"": ""2023-11-20"", ""priority"": ""high""}"
807,Email,8/21/2023,"{""follow_up_date"": ""2024-01-17"", ""priority"": ""low""}"
805,Email,8/22/2023,"{""follow_up_date"": ""2024-02-15"", ""priority"": ""high""}"
838,Email,8/22/2023,"{""follow_up_date"": ""2024-05-19"", ""priority"": ""low""}"
217,Call,8/22/2023,"{""follow_up_date"": ""2024-07-06"", ""priority"": ""low""}"
608,Call,8/22/2023,"{""follow_up_date"": ""2024-02-08"", ""priority"": ""high""}"
839,Call,8/22/2023,"{""follow_up_date"": ""2024-06-06"", ""priority"": ""low""}"
123,Meeting,8/22/2023,"{""follow_up_date"": ""2023-09-11"", ""priority"": ""medium""}"
277,Call,8/22/2023,"{""follow_up_date"": ""2024-01-07"", ""priority"": ""low""}"
188,Email,8/23/2023,"{""follow_up_date"": ""2023-10-25"", ""priority"": ""medium""}"
359,Call,8/24/2023,"{""follow_up_date"": ""2023-08-24"", ""priority"": ""low""}"
898,Email,8/24/2023,"{""follow_up_date"": ""2024-06-24"", ""priority"": ""high""}"
487,Meeting,8/24/2023,"{""follow_up_date"": ""2024-03-17"", ""priority"": ""low""}"
415,Email,8/25/2023,"{""follow_up_date"": ""2023-09-19"", ""priority"": ""high""}"
533,Meeting,8/25/2023,"{""follow_up_date"": ""2024-02-23"", ""priority"": ""low""}"
144,Meeting,8/25/2023,"{""follow_up_date"": ""2023-10-20"", ""priority"": ""medium""}"
742,Email,8/26/2023,"{""follow_up_date"": ""2023-10-20"", ""priority"": ""medium""}"
64,Call,8/26/2023,"{""follow_up_date"": ""2023-08-31"", ""priority"": ""medium""}"
797,Meeting,8/27/2023,"{""follow_up_date"": ""2023-11-21"", ""priority"": ""high""}"
675,Call,8/27/2023,"{""follow_up_date"": ""2023-09-01"", ""priority"": ""low""}"
415,Email,8/27/2023,"{""follow_up_date"": ""2024-06-15"", ""priority"": ""low""}"
43,Call,8/28/2023,"{""follow_up_date"": ""2023-12-01"", ""priority"": ""low""}"
507,Call,8/28/2023,"{""follow_up_date"": ""2024-04-03"", ""priority"": ""low""}"
943,Call,8/28/2023,"{""follow_up_date"": ""2024-01-03"", ""priority"": ""high""}"
66,Meeting,8/28/2023,"{""follow_up_date"": ""2023-12-18"", ""priority"": ""high""}"
141,Email,8/28/2023,"{""follow_up_date"": ""2023-10-29"", ""priority"": ""high""}"
666,Email,8/29/2023,"{""follow_up_date"": ""2023-09-12"", ""priority"": ""high""}"
299,Email,8/29/2023,"{""follow_up_date"": ""2024-02-03"", ""priority"": ""high""}"
802,Call,8/29/2023,"{""follow_up_date"": ""2023-09-13"", ""priority"": ""low""}"
254,Email,8/29/2023,"{""follow_up_date"": ""2024-04-02"", ""priority"": ""low""}"
758,Meeting,8/31/2023,"{""follow_up_date"": ""2024-02-10"", ""priority"": ""high""}"
46,Email,8/31/2023,"{""follow_up_date"": ""2024-01-22"", ""priority"": ""low""}"
457,Email,8/31/2023,"{""follow_up_date"": ""2024-04-04"", ""priority"": ""low""}"
496,Meeting,8/31/2023,"{""follow_up_date"": ""2024-08-17"", ""priority"": ""medium""}"
528,Meeting,9/1/2023,"{""follow_up_date"": ""2023-10-12"", ""priority"": ""low""}"
558,Email,9/1/2023,"{""follow_up_date"": ""2024-04-08"", ""priority"": ""high""}"
645,Email,9/1/2023,"{""follow_up_date"": ""2024-04-17"", ""priority"": ""medium""}"
30,Meeting,9/2/2023,"{""follow_up_date"": ""2024-03-03"", ""priority"": ""medium""}"
835,Email,9/2/2023,"{""follow_up_date"": ""2023-09-12"", ""priority"": ""low""}"
489,Email,9/2/2023,"{""follow_up_date"": ""2024-07-07"", ""priority"": ""low""}"
802,Meeting,9/2/2023,"{""follow_up_date"": ""2024-04-20"", ""priority"": ""high""}"
661,Email,9/3/2023,"{""follow_up_date"": ""2023-11-11"", ""priority"": ""medium""}"
536,Meeting,9/3/2023,"{""follow_up_date"": ""2024-02-08"", ""priority"": ""high""}"
392,Meeting,9/4/2023,"{""follow_up_date"": ""2024-01-03"", ""priority"": ""high""}"
114,Call,9/4/2023,"{""follow_up_date"": ""2024-02-23"", ""priority"": ""medium""}"
99,Meeting,9/4/2023,"{""follow_up_date"": ""2023-12-09"", ""priority"": ""low""}"
432,Meeting,9/5/2023,"{""follow_up_date"": ""2024-02-22"", ""priority"": ""high""}"
573,Meeting,9/5/2023,"{""follow_up_date"": ""2023-11-18"", ""priority"": ""low""}"
998,Meeting,9/5/2023,"{""follow_up_date"": ""2024-04-22"", ""priority"": ""medium""}"
758,Meeting,9/6/2023,"{""follow_up_date"": ""2024-05-14"", ""priority"": ""low""}"
900,Email,9/6/2023,"{""follow_up_date"": ""2024-02-13"", ""priority"": ""high""}"
630,Email,9/6/2023,"{""follow_up_date"": ""2024-09-05"", ""priority"": ""low""}"
436,Email,9/7/2023,"{""follow_up_date"": ""2024-07-27"", ""priority"": ""medium""}"
139,Call,9/7/2023,"{""follow_up_date"": ""2024-04-06"", ""priority"": ""high""}"
483,Call,9/8/2023,"{""follow_up_date"": ""2024-02-08"", ""priority"": ""low""}"
515,Email,9/8/2023,"{""follow_up_date"": ""2023-10-26"", ""priority"": ""low""}"
850,Meeting,9/9/2023,"{""follow_up_date"": ""2024-02-02"", ""priority"": ""low""}"
530,Email,9/9/2023,"{""follow_up_date"": ""2024-03-26"", ""priority"": ""low""}"
155,Email,9/11/2023,"{""follow_up_date"": ""2024-08-27"", ""priority"": ""low""}"
412,Call,9/11/2023,"{""follow_up_date"": ""2024-06-13"", ""priority"": ""low""}"
724,Meeting,9/12/2023,"{""follow_up_date"": ""2023-12-07"", ""priority"": ""low""}"
810,Email,9/12/2023,"{""follow_up_date"": ""2024-01-30"", ""priority"": ""low""}"
788,Meeting,9/12/2023,"{""follow_up_date"": ""2023-11-06"", ""priority"": ""low""}"
7,Call,9/13/2023,"{""follow_up_date"": ""2024-04-01"", ""priority"": ""low""}"
66,Call,9/13/2023,"{""follow_up_date"": ""2023-11-09"", ""priority"": ""medium""}"
277,Call,9/13/2023,"{""follow_up_date"": ""2024-08-24"", ""priority"": ""medium""}"
454,Email,9/13/2023,"{""follow_up_date"": ""2023-11-04"", ""priority"": ""low""}"
129,Email,9/14/2023,"{""follow_up_date"": ""2023-09-24"", ""priority"": ""high""}"
931,Call,9/15/2023,"{""follow_up_date"": ""2023-12-29"", ""priority"": ""high""}"
559,Call,9/16/2023,"{""follow_up_date"": ""2023-11-25"", ""priority"": ""low""}"
97,Meeting,9/16/2023,"{""follow_up_date"": ""2024-08-22"", ""priority"": ""medium""}"
464,Meeting,9/17/2023,"{""follow_up_date"": ""2024-06-11"", ""priority"": ""high""}"
522,Meeting,9/18/2023,"{""follow_up_date"": ""2023-11-10"", ""priority"": ""low""}"
519,Meeting,9/18/2023,"{""follow_up_date"": ""2024-05-04"", ""priority"": ""low""}"
167,Email,9/19/2023,"{""follow_up_date"": ""2024-02-11"", ""priority"": ""low""}"
559,Email,9/20/2023,"{""follow_up_date"": ""2023-12-28"", ""priority"": ""medium""}"
452,Email,9/20/2023,"{""follow_up_date"": ""2024-06-08"", ""priority"": ""medium""}"
533,Email,9/20/2023,"{""follow_up_date"": ""2024-02-17"", ""priority"": ""high""}"
544,Email,9/21/2023,"{""follow_up_date"": ""2024-07-02"", ""priority"": ""medium""}"
969,Email,9/21/2023,"{""follow_up_date"": ""2023-11-18"", ""priority"": ""high""}"
575,Call,9/21/2023,"{""follow_up_date"": ""2024-08-11"", ""priority"": ""high""}"
548,Meeting,9/21/2023,"{""follow_up_date"": ""2023-11-16"", ""priority"": ""low""}"
61,Email,9/22/2023,"{""follow_up_date"": ""2024-07-16"", ""priority"": ""medium""}"
300,Email,9/22/2023,"{""follow_up_date"": ""2024-07-19"", ""priority"": ""medium""}"
252,Meeting,9/22/2023,"{""follow_up_date"": ""2024-05-26"", ""priority"": ""medium""}"
856,Meeting,9/22/2023,"{""follow_up_date"": ""2024-06-24"", ""priority"": ""low""}"
556,Email,9/22/2023,"{""follow_up_date"": ""2024-01-29"", ""priority"": ""high""}"
47,Call,9/22/2023,"{""follow_up_date"": ""2023-12-16"", ""priority"": ""low""}"
341,Meeting,9/22/2023,"{""follow_up_date"": ""2024-07-25"", ""priority"": ""low""}"
655,Call,9/23/2023,"{""follow_up_date"": ""2023-10-06"", ""priority"": ""low""}"
489,Email,9/24/2023,"{""follow_up_date"": ""2023-11-08"", ""priority"": ""high""}"
257,Meeting,9/25/2023,"{""follow_up_date"": ""2024-07-08"", ""priority"": ""medium""}"
700,Meeting,9/25/2023,"{""follow_up_date"": ""2024-01-07"", ""priority"": ""high""}"
580,Call,9/25/2023,"{""follow_up_date"": ""2024-03-18"", ""priority"": ""high""}"
86,Meeting,9/25/2023,"{""follow_up_date"": ""2023-12-18"", ""priority"": ""high""}"
838,Email,9/25/2023,"{""follow_up_date"": ""2024-03-02"", ""priority"": ""low""}"
513,Email,9/26/2023,"{""follow_up_date"": ""2023-11-07"", ""priority"": ""low""}"
102,Call,9/26/2023,"{""follow_up_date"": ""2024-01-01"", ""priority"": ""high""}"
930,Call,9/27/2023,"{""follow_up_date"": ""2024-05-14"", ""priority"": ""high""}"
439,Call,9/27/2023,"{""follow_up_date"": ""2024-01-08"", ""priority"": ""low""}"
672,Meeting,9/27/2023,"{""follow_up_date"": ""2024-07-23"", ""priority"": ""medium""}"
675,Call,9/27/2023,"{""follow_up_date"": ""2024-05-11"", ""priority"": ""medium""}"
252,Meeting,9/28/2023,"{""follow_up_date"": ""2024-04-22"", ""priority"": ""high""}"
750,Call,9/28/2023,"{""follow_up_date"": ""2023-12-26"", ""priority"": ""medium""}"
73,Meeting,9/28/2023,"{""follow_up_date"": ""2023-10-14"", ""priority"": ""medium""}"
650,Meeting,9/28/2023,"{""follow_up_date"": ""2023-12-04"", ""priority"": ""medium""}"
590,Meeting,9/28/2023,"{""follow_up_date"": ""2024-06-24"", ""priority"": ""low""}"
183,Meeting,9/29/2023,"{""follow_up_date"": ""2023-10-06"", ""priority"": ""high""}"
458,Call,9/30/2023,"{""follow_up_date"": ""2024-04-21"", ""priority"": ""medium""}"
40,Call,10/2/2023,"{""follow_up_date"": ""2024-06-11"", ""priority"": ""low""}"
397,Meeting,10/3/2023,"{""follow_up_date"": ""2023-11-06"", ""priority"": ""low""}"
581,Call,10/3/2023,"{""follow_up_date"": ""2024-08-12"", ""priority"": ""medium""}"
447,Email,10/5/2023,"{""follow_up_date"": ""2024-01-10"", ""priority"": ""high""}"
458,Meeting,10/5/2023,"{""follow_up_date"": ""2024-01-24"", ""priority"": ""low""}"
439,Call,10/5/2023,"{""follow_up_date"": ""2024-04-24"", ""priority"": ""low""}"
174,Email,10/5/2023,"{""follow_up_date"": ""2024-05-20"", ""priority"": ""medium""}"
668,Email,10/5/2023,"{""follow_up_date"": ""2024-09-03"", ""priority"": ""medium""}"
351,Email,10/6/2023,"{""follow_up_date"": ""2023-11-20"", ""priority"": ""low""}"
448,Meeting,10/6/2023,"{""follow_up_date"": ""2024-06-28"", ""priority"": ""low""}"
238,Call,10/6/2023,"{""follow_up_date"": ""2024-02-29"", ""priority"": ""low""}"
584,Email,10/8/2023,"{""follow_up_date"": ""2024-05-07"", ""priority"": ""high""}"
648,Meeting,10/8/2023,"{""follow_up_date"": ""2024-08-12"", ""priority"": ""high""}"
44,Call,10/8/2023,"{""follow_up_date"": ""2024-03-21"", ""priority"": ""low""}"
539,Call,10/8/2023,"{""follow_up_date"": ""2023-12-26"", ""priority"": ""low""}"
228,Call,10/9/2023,"{""follow_up_date"": ""2024-09-26"", ""priority"": ""low""}"
165,Email,10/9/2023,"{""follow_up_date"": ""2023-11-16"", ""priority"": ""high""}"
145,Meeting,10/9/2023,"{""follow_up_date"": ""2024-03-18"", ""priority"": ""low""}"
353,Call,10/9/2023,"{""follow_up_date"": ""2024-01-16"", ""priority"": ""low""}"
893,Call,10/9/2023,"{""follow_up_date"": ""2024-01-12"", ""priority"": ""low""}"
78,Call,10/9/2023,"{""follow_up_date"": ""2023-12-02"", ""priority"": ""medium""}"
698,Call,10/10/2023,"{""follow_up_date"": ""2024-07-17"", ""priority"": ""medium""}"
832,Email,10/10/2023,"{""follow_up_date"": ""2024-04-11"", ""priority"": ""high""}"
739,Call,10/11/2023,"{""follow_up_date"": ""2023-12-20"", ""priority"": ""low""}"
878,Call,10/11/2023,"{""follow_up_date"": ""2024-08-06"", ""priority"": ""high""}"
91,Email,10/11/2023,"{""follow_up_date"": ""2024-01-10"", ""priority"": ""low""}"
966,Call,10/12/2023,"{""follow_up_date"": ""2024-05-15"", ""priority"": ""medium""}"
154,Meeting,10/12/2023,"{""follow_up_date"": ""2024-08-04"", ""priority"": ""high""}"
827,Email,10/12/2023,"{""follow_up_date"": ""2024-06-15"", ""priority"": ""high""}"
825,Email,10/13/2023,"{""follow_up_date"": ""2024-08-18"", ""priority"": ""medium""}"
494,Email,10/13/2023,"{""follow_up_date"": ""2024-08-13"", ""priority"": ""high""}"
427,Call,10/14/2023,"{""follow_up_date"": ""2024-08-02"", ""priority"": ""medium""}"
139,Meeting,10/14/2023,"{""follow_up_date"": ""2024-04-01"", ""priority"": ""medium""}"
110,Meeting,10/14/2023,"{""follow_up_date"": ""2024-09-16"", ""priority"": ""low""}"
70,Meeting,10/15/2023,"{""follow_up_date"": ""2024-08-19"", ""priority"": ""medium""}"
539,Call,10/15/2023,"{""follow_up_date"": ""2023-11-05"", ""priority"": ""medium""}"
9,Call,10/15/2023,"{""follow_up_date"": ""2023-11-18"", ""priority"": ""low""}"
155,Email,10/15/2023,"{""follow_up_date"": ""2023-11-23"", ""priority"": ""medium""}"
645,Call,10/15/2023,"{""follow_up_date"": ""2024-03-28"", ""priority"": ""low""}"
631,Email,10/15/2023,"{""follow_up_date"": ""2024-06-14"", ""priority"": ""medium""}"
632,Meeting,10/15/2023,"{""follow_up_date"": ""2024-03-09"", ""priority"": ""high""}"
603,Email,10/15/2023,"{""follow_up_date"": ""2024-04-23"", ""priority"": ""low""}"
745,Meeting,10/15/2023,"{""follow_up_date"": ""2024-06-03"", ""priority"": ""high""}"
357,Meeting,10/16/2023,"{""follow_up_date"": ""2024-02-17"", ""priority"": ""medium""}"
376,Meeting,10/16/2023,"{""follow_up_date"": ""2024-01-04"", ""priority"": ""low""}"
538,Call,10/17/2023,"{""follow_up_date"": ""2023-10-27"", ""priority"": ""high""}"
544,Meeting,10/17/2023,"{""follow_up_date"": ""2024-04-05"", ""priority"": ""medium""}"
244,Email,10/18/2023,"{""follow_up_date"": ""2024-08-10"", ""priority"": ""high""}"
430,Email,10/18/2023,"{""follow_up_date"": ""2024-09-04"", ""priority"": ""medium""}"
971,Call,10/19/2023,"{""follow_up_date"": ""2024-04-11"", ""priority"": ""high""}"
75,Call,10/19/2023,"{""follow_up_date"": ""2024-08-27"", ""priority"": ""low""}"
247,Call,10/20/2023,"{""follow_up_date"": ""2024-03-16"", ""priority"": ""low""}"
948,Call,10/20/2023,"{""follow_up_date"": ""2024-09-08"", ""priority"": ""medium""}"
640,Meeting,10/20/2023,"{""follow_up_date"": ""2024-07-05"", ""priority"": ""high""}"
640,Call,10/20/2023,"{""follow_up_date"": ""2024-10-03"", ""priority"": ""low""}"
631,Meeting,10/21/2023,"{""follow_up_date"": ""2024-10-14"", ""priority"": ""high""}"
914,Email,10/21/2023,"{""follow_up_date"": ""2024-04-17"", ""priority"": ""high""}"
406,Meeting,10/22/2023,"{""follow_up_date"": ""2024-02-23"", ""priority"": ""high""}"
724,Meeting,10/22/2023,"{""follow_up_date"": ""2024-05-25"", ""priority"": ""medium""}"
306,Meeting,10/22/2023,"{""follow_up_date"": ""2023-11-07"", ""priority"": ""high""}"
385,Meeting,10/23/2023,"{""follow_up_date"": ""2024-01-15"", ""priority"": ""high""}"
368,Call,10/23/2023,"{""follow_up_date"": ""2024-01-27"", ""priority"": ""high""}"
843,Email,10/23/2023,"{""follow_up_date"": ""2023-12-01"", ""priority"": ""high""}"
856,Email,10/24/2023,"{""follow_up_date"": ""2024-10-01"", ""priority"": ""low""}"
822,Meeting,10/25/2023,"{""follow_up_date"": ""2023-12-02"", ""priority"": ""high""}"
599,Email,10/25/2023,"{""follow_up_date"": ""2023-12-25"", ""priority"": ""high""}"
249,Meeting,10/25/2023,"{""follow_up_date"": ""2023-10-25"", ""priority"": ""high""}"
755,Email,10/26/2023,"{""follow_up_date"": ""2024-04-16"", ""priority"": ""high""}"
867,Call,10/27/2023,"{""follow_up_date"": ""2024-06-14"", ""priority"": ""low""}"
798,Call,10/28/2023,"{""follow_up_date"": ""2024-03-18"", ""priority"": ""high""}"
105,Email,10/28/2023,"{""follow_up_date"": ""2024-07-03"", ""priority"": ""low""}"
262,Call,10/28/2023,"{""follow_up_date"": ""2024-02-05"", ""priority"": ""high""}"
432,Email,10/28/2023,"{""follow_up_date"": ""2024-09-21"", ""priority"": ""medium""}"
920,Email,10/29/2023,"{""follow_up_date"": ""2024-05-08"", ""priority"": ""high""}"
686,Meeting,10/29/2023,"{""follow_up_date"": ""2024-05-12"", ""priority"": ""high""}"
997,Email,10/29/2023,"{""follow_up_date"": ""2024-08-19"", ""priority"": ""medium""}"
496,Call,10/30/2023,"{""follow_up_date"": ""2024-02-07"", ""priority"": ""medium""}"
518,Call,11/1/2023,"{""follow_up_date"": ""2023-12-03"", ""priority"": ""low""}"
425,Email,11/1/2023,"{""follow_up_date"": ""2024-06-10"", ""priority"": ""low""}"
518,Meeting,11/1/2023,"{""follow_up_date"": ""2024-04-24"", ""priority"": ""low""}"
379,Email,11/1/2023,"{""follow_up_date"": ""2024-03-05"", ""priority"": ""low""}"
830,Email,11/1/2023,"{""follow_up_date"": ""2023-12-09"", ""priority"": ""low""}"
358,Meeting,11/2/2023,"{""follow_up_date"": ""2024-07-04"", ""priority"": ""medium""}"
183,Call,11/2/2023,"{""follow_up_date"": ""2024-03-12"", ""priority"": ""high""}"
266,Email,11/2/2023,"{""follow_up_date"": ""2024-01-23"", ""priority"": ""low""}"
722,Email,11/3/2023,"{""follow_up_date"": ""2024-08-28"", ""priority"": ""high""}"
936,Meeting,11/3/2023,"{""follow_up_date"": ""2024-09-16"", ""priority"": ""high""}"
472,Call,11/4/2023,"{""follow_up_date"": ""2024-06-27"", ""priority"": ""low""}"
585,Email,11/4/2023,"{""follow_up_date"": ""2024-04-28"", ""priority"": ""low""}"
628,Call,11/4/2023,"{""follow_up_date"": ""2024-01-30"", ""priority"": ""high""}"
249,Email,11/4/2023,"{""follow_up_date"": ""2024-07-16"", ""priority"": ""low""}"
697,Call,11/4/2023,"{""follow_up_date"": ""2024-06-02"", ""priority"": ""high""}"
532,Email,11/5/2023,"{""follow_up_date"": ""2023-11-11"", ""priority"": ""low""}"
173,Meeting,11/5/2023,"{""follow_up_date"": ""2023-12-27"", ""priority"": ""high""}"
639,Call,11/5/2023,"{""follow_up_date"": ""2024-06-05"", ""priority"": ""medium""}"
299,Call,11/5/2023,"{""follow_up_date"": ""2024-02-04"", ""priority"": ""low""}"
127,Email,11/6/2023,"{""follow_up_date"": ""2024-09-10"", ""priority"": ""high""}"
165,Meeting,11/7/2023,"{""follow_up_date"": ""2024-02-08"", ""priority"": ""medium""}"
733,Call,11/7/2023,"{""follow_up_date"": ""2023-11-14"", ""priority"": ""high""}"
25,Email,11/7/2023,"{""follow_up_date"": ""2024-06-29"", ""priority"": ""medium""}"
202,Call,11/7/2023,"{""follow_up_date"": ""2024-08-25"", ""priority"": ""high""}"
727,Email,11/7/2023,"{""follow_up_date"": ""2024-06-03"", ""priority"": ""medium""}"
353,Call,11/7/2023,"{""follow_up_date"": ""2024-05-21"", ""priority"": ""low""}"
547,Call,11/8/2023,"{""follow_up_date"": ""2024-06-07"", ""priority"": ""medium""}"
600,Meeting,11/8/2023,"{""follow_up_date"": ""2024-06-18"", ""priority"": ""high""}"
646,Email,11/8/2023,"{""follow_up_date"": ""2024-09-07"", ""priority"": ""low""}"
993,Email,11/9/2023,"{""follow_up_date"": ""2024-04-25"", ""priority"": ""medium""}"
248,Email,11/9/2023,"{""follow_up_date"": ""2024-07-28"", ""priority"": ""high""}"
256,Meeting,11/9/2023,"{""follow_up_date"": ""2024-01-27"", ""priority"": ""low""}"
844,Email,11/9/2023,"{""follow_up_date"": ""2024-05-26"", ""priority"": ""medium""}"
557,Meeting,11/9/2023,"{""follow_up_date"": ""2024-09-27"", ""priority"": ""low""}"
254,Email,11/9/2023,"{""follow_up_date"": ""2024-09-27"", ""priority"": ""high""}"
952,Email,11/10/2023,"{""follow_up_date"": ""2024-08-06"", ""priority"": ""high""}"
831,Email,11/10/2023,"{""follow_up_date"": ""2024-01-18"", ""priority"": ""medium""}"
937,Meeting,11/11/2023,"{""follow_up_date"": ""2024-03-14"", ""priority"": ""high""}"
584,Email,11/11/2023,"{""follow_up_date"": ""2024-08-07"", ""priority"": ""low""}"
688,Call,11/12/2023,"{""follow_up_date"": ""2024-06-23"", ""priority"": ""low""}"
295,Email,11/12/2023,"{""follow_up_date"": ""2024-08-18"", ""priority"": ""low""}"
861,Email,11/12/2023,"{""follow_up_date"": ""2024-07-03"", ""priority"": ""low""}"
966,Email,11/12/2023,"{""follow_up_date"": ""2024-10-04"", ""priority"": ""high""}"
817,Meeting,11/12/2023,"{""follow_up_date"": ""2024-02-21"", ""priority"": ""low""}"
435,Meeting,11/13/2023,"{""follow_up_date"": ""2024-02-16"", ""priority"": ""medium""}"
727,Call,11/14/2023,"{""follow_up_date"": ""2023-12-28"", ""priority"": ""low""}"
652,Meeting,11/14/2023,"{""follow_up_date"": ""2024-06-18"", ""priority"": ""high""}"
3,Email,11/15/2023,"{""follow_up_date"": ""2024-10-28"", ""priority"": ""medium""}"
94,Email,11/15/2023,"{""follow_up_date"": ""2024-07-07"", ""priority"": ""low""}"
90,Meeting,11/16/2023,"{""follow_up_date"": ""2024-01-22"", ""priority"": ""high""}"
624,Meeting,11/16/2023,"{""follow_up_date"": ""2024-04-23"", ""priority"": ""low""}"
521,Call,11/16/2023,"{""follow_up_date"": ""2024-04-29"", ""priority"": ""high""}"
432,Meeting,11/16/2023,"{""follow_up_date"": ""2024-09-29"", ""priority"": ""high""}"
530,Meeting,11/16/2023,"{""follow_up_date"": ""2024-05-05"", ""priority"": ""high""}"
593,Meeting,11/16/2023,"{""follow_up_date"": ""2024-11-05"", ""priority"": ""low""}"
70,Meeting,11/17/2023,"{""follow_up_date"": ""2024-11-10"", ""priority"": ""low""}"
6,Call,11/18/2023,"{""follow_up_date"": ""2024-02-05"", ""priority"": ""medium""}"
436,Meeting,11/18/2023,"{""follow_up_date"": ""2024-07-13"", ""priority"": ""medium""}"
495,Call,11/20/2023,"{""follow_up_date"": ""2024-10-28"", ""priority"": ""low""}"
1,Meeting,11/20/2023,"{""follow_up_date"": ""2024-03-30"", ""priority"": ""medium""}"
393,Meeting,11/20/2023,"{""follow_up_date"": ""2024-05-12"", ""priority"": ""high""}"
89,Meeting,11/20/2023,"{""follow_up_date"": ""2024-07-22"", ""priority"": ""low""}"
163,Meeting,11/20/2023,"{""follow_up_date"": ""2024-05-30"", ""priority"": ""high""}"
520,Call,11/21/2023,"{""follow_up_date"": ""2024-07-26"", ""priority"": ""medium""}"
662,Email,11/21/2023,"{""follow_up_date"": ""2023-11-24"", ""priority"": ""medium""}"
882,Email,11/21/2023,"{""follow_up_date"": ""2024-07-21"", ""priority"": ""low""}"
580,Email,11/21/2023,"{""follow_up_date"": ""2024-07-15"", ""priority"": ""medium""}"
405,Call,11/22/2023,"{""follow_up_date"": ""2024-10-22"", ""priority"": ""high""}"
501,Meeting,11/22/2023,"{""follow_up_date"": ""2024-05-26"", ""priority"": ""medium""}"
854,Call,11/22/2023,"{""follow_up_date"": ""2024-02-29"", ""priority"": ""low""}"
603,Email,11/22/2023,"{""follow_up_date"": ""2024-07-12"", ""priority"": ""low""}"
283,Email,11/22/2023,"{""follow_up_date"": ""2024-11-09"", ""priority"": ""high""}"
843,Meeting,11/22/2023,"{""follow_up_date"": ""2024-07-20"", ""priority"": ""medium""}"
997,Email,11/22/2023,"{""follow_up_date"": ""2024-07-30"", ""priority"": ""high""}"
333,Email,11/23/2023,"{""follow_up_date"": ""2023-12-25"", ""priority"": ""medium""}"
139,Meeting,11/24/2023,"{""follow_up_date"": ""2024-01-21"", ""priority"": ""high""}"
251,Call,11/25/2023,"{""follow_up_date"": ""2024-11-21"", ""priority"": ""medium""}"
278,Email,11/26/2023,"{""follow_up_date"": ""2024-01-21"", ""priority"": ""high""}"
155,Email,11/26/2023,"{""follow_up_date"": ""2024-03-12"", ""priority"": ""low""}"
319,Call,11/26/2023,"{""follow_up_date"": ""2024-05-13"", ""priority"": ""high""}"
799,Meeting,11/26/2023,"{""follow_up_date"": ""2024-11-20"", ""priority"": ""high""}"
760,Meeting,11/26/2023,"{""follow_up_date"": ""2024-08-14"", ""priority"": ""high""}"
803,Meeting,11/26/2023,"{""follow_up_date"": ""2024-05-05"", ""priority"": ""low""}"
265,Email,11/26/2023,"{""follow_up_date"": ""2024-06-28"", ""priority"": ""medium""}"
478,Meeting,11/27/2023,"{""follow_up_date"": ""2024-04-28"", ""priority"": ""high""}"
852,Call,11/27/2023,"{""follow_up_date"": ""2024-08-08"", ""priority"": ""high""}"
136,Call,11/27/2023,"{""follow_up_date"": ""2024-01-13"", ""priority"": ""high""}"
857,Meeting,11/27/2023,"{""follow_up_date"": ""2024-11-08"", ""priority"": ""low""}"
268,Meeting,11/28/2023,"{""follow_up_date"": ""2024-04-18"", ""priority"": ""high""}"
784,Email,11/28/2023,"{""follow_up_date"": ""2024-10-17"", ""priority"": ""low""}"
277,Call,11/29/2023,"{""follow_up_date"": ""2024-01-28"", ""priority"": ""low""}"
497,Email,11/29/2023,"{""follow_up_date"": ""2023-12-27"", ""priority"": ""low""}"
191,Email,11/29/2023,"{""follow_up_date"": ""2024-05-22"", ""priority"": ""low""}"
270,Meeting,11/30/2023,"{""follow_up_date"": ""2024-01-11"", ""priority"": ""medium""}"
411,Meeting,11/30/2023,"{""follow_up_date"": ""2024-11-20"", ""priority"": ""high""}"
162,Meeting,11/30/2023,"{""follow_up_date"": ""2024-05-22"", ""priority"": ""high""}"
220,Call,11/30/2023,"{""follow_up_date"": ""2024-10-09"", ""priority"": ""medium""}"
374,Email,11/30/2023,"{""follow_up_date"": ""2024-03-09"", ""priority"": ""low""}"
466,Meeting,12/1/2023,"{""follow_up_date"": ""2024-07-20"", ""priority"": ""high""}"
830,Email,12/1/2023,"{""follow_up_date"": ""2024-09-25"", ""priority"": ""high""}"
7,Call,12/1/2023,"{""follow_up_date"": ""2024-09-12"", ""priority"": ""high""}"
730,Email,12/2/2023,"{""follow_up_date"": ""2024-02-22"", ""priority"": ""high""}"
374,Call,12/2/2023,"{""follow_up_date"": ""2023-12-13"", ""priority"": ""high""}"
676,Meeting,12/2/2023,"{""follow_up_date"": ""2023-12-05"", ""priority"": ""high""}"
766,Email,12/3/2023,"{""follow_up_date"": ""2024-11-01"", ""priority"": ""low""}"
697,Email,12/3/2023,"{""follow_up_date"": ""2024-08-23"", ""priority"": ""low""}"
558,Meeting,12/3/2023,"{""follow_up_date"": ""2024-07-06"", ""priority"": ""high""}"
147,Call,12/5/2023,"{""follow_up_date"": ""2024-03-25"", ""priority"": ""low""}"
42,Call,12/5/2023,"{""follow_up_date"": ""2024-01-11"", ""priority"": ""high""}"
643,Call,12/5/2023,"{""follow_up_date"": ""2023-12-28"", ""priority"": ""low""}"
386,Meeting,12/6/2023,"{""follow_up_date"": ""2024-10-11"", ""priority"": ""medium""}"
942,Email,12/6/2023,"{""follow_up_date"": ""2024-08-22"", ""priority"": ""high""}"
448,Email,12/7/2023,"{""follow_up_date"": ""2024-06-02"", ""priority"": ""medium""}"
663,Email,12/7/2023,"{""follow_up_date"": ""2024-05-31"", ""priority"": ""low""}"
895,Email,12/8/2023,"{""follow_up_date"": ""2024-10-27"", ""priority"": ""low""}"
777,Call,12/10/2023,"{""follow_up_date"": ""2024-05-21"", ""priority"": ""medium""}"
513,Call,12/10/2023,"{""follow_up_date"": ""2023-12-12"", ""priority"": ""high""}"
990,Call,12/10/2023,"{""follow_up_date"": ""2024-01-28"", ""priority"": ""high""}"
956,Email,12/11/2023,"{""follow_up_date"": ""2024-07-09"", ""priority"": ""medium""}"
972,Meeting,12/11/2023,"{""follow_up_date"": ""2024-01-10"", ""priority"": ""low""}"
858,Email,12/12/2023,"{""follow_up_date"": ""2024-05-13"", ""priority"": ""high""}"
37,Meeting,12/12/2023,"{""follow_up_date"": ""2024-11-20"", ""priority"": ""low""}"
73,Meeting,12/13/2023,"{""follow_up_date"": ""2024-08-08"", ""priority"": ""medium""}"
162,Call,12/13/2023,"{""follow_up_date"": ""2024-02-20"", ""priority"": ""high""}"
863,Email,12/13/2023,"{""follow_up_date"": ""2024-07-10"", ""priority"": ""high""}"
438,Call,12/14/2023,"{""follow_up_date"": ""2024-01-24"", ""priority"": ""high""}"
21,Meeting,12/14/2023,"{""follow_up_date"": ""2024-03-27"", ""priority"": ""medium""}"
992,Meeting,12/14/2023,"{""follow_up_date"": ""2024-09-18"", ""priority"": ""medium""}"
331,Call,12/14/2023,"{""follow_up_date"": ""2024-11-23"", ""priority"": ""high""}"
194,Meeting,12/15/2023,"{""follow_up_date"": ""2024-08-19"", ""priority"": ""high""}"
729,Call,12/15/2023,"{""follow_up_date"": ""2024-03-18"", ""priority"": ""low""}"
495,Meeting,12/15/2023,"{""follow_up_date"": ""2024-08-19"", ""priority"": ""high""}"
717,Call,12/16/2023,"{""follow_up_date"": ""2024-06-05"", ""priority"": ""high""}"
14,Meeting,12/16/2023,"{""follow_up_date"": ""2024-07-22"", ""priority"": ""low""}"
724,Meeting,12/17/2023,"{""follow_up_date"": ""2024-03-24"", ""priority"": ""low""}"
263,Call,12/17/2023,"{""follow_up_date"": ""2024-03-14"", ""priority"": ""high""}"
429,Email,12/17/2023,"{""follow_up_date"": ""2023-12-29"", ""priority"": ""medium""}"
260,Meeting,12/18/2023,"{""follow_up_date"": ""2024-04-22"", ""priority"": ""low""}"
173,Email,12/18/2023,"{""follow_up_date"": ""2024-04-11"", ""priority"": ""high""}"
677,Call,12/18/2023,"{""follow_up_date"": ""2024-10-27"", ""priority"": ""high""}"
777,Meeting,12/18/2023,"{""follow_up_date"": ""2024-01-31"", ""priority"": ""medium""}"
687,Call,12/19/2023,"{""follow_up_date"": ""2024-03-29"", ""priority"": ""low""}"
220,Meeting,12/19/2023,"{""follow_up_date"": ""2024-04-11"", ""priority"": ""low""}"
448,Call,12/19/2023,"{""follow_up_date"": ""2024-02-06"", ""priority"": ""low""}"
380,Call,12/20/2023,"{""follow_up_date"": ""2024-07-30"", ""priority"": ""high""}"
389,Meeting,12/20/2023,"{""follow_up_date"": ""2024-03-25"", ""priority"": ""high""}"
452,Email,12/21/2023,"{""follow_up_date"": ""2024-09-20"", ""priority"": ""medium""}"
249,Email,12/21/2023,"{""follow_up_date"": ""2024-11-05"", ""priority"": ""low""}"
819,Email,12/21/2023,"{""follow_up_date"": ""2024-09-22"", ""priority"": ""medium""}"
943,Email,12/22/2023,"{""follow_up_date"": ""2024-11-16"", ""priority"": ""high""}"
703,Meeting,12/22/2023,"{""follow_up_date"": ""2024-06-18"", ""priority"": ""high""}"
242,Email,12/22/2023,"{""follow_up_date"": ""2024-03-05"", ""priority"": ""high""}"
990,Email,12/23/2023,"{""follow_up_date"": ""2024-04-15"", ""priority"": ""high""}"
622,Email,12/23/2023,"{""follow_up_date"": ""2024-09-14"", ""priority"": ""medium""}"
363,Call,12/23/2023,"{""follow_up_date"": ""2024-09-14"", ""priority"": ""medium""}"
482,Call,12/23/2023,"{""follow_up_date"": ""2024-11-12"", ""priority"": ""low""}"
898,Meeting,12/23/2023,"{""follow_up_date"": ""2024-07-27"", ""priority"": ""low""}"
503,Meeting,12/25/2023,"{""follow_up_date"": ""2024-12-06"", ""priority"": ""medium""}"
343,Meeting,12/25/2023,"{""follow_up_date"": ""2024-12-11"", ""priority"": ""low""}"
504,Call,12/26/2023,"{""follow_up_date"": ""2024-10-10"", ""priority"": ""low""}"
462,Meeting,12/26/2023,"{""follow_up_date"": ""2024-04-08"", ""priority"": ""high""}"
296,Call,12/26/2023,"{""follow_up_date"": ""2024-05-23"", ""priority"": ""low""}"
438,Meeting,12/26/2023,"{""follow_up_date"": ""2024-10-07"", ""priority"": ""high""}"
810,Meeting,12/26/2023,"{""follow_up_date"": ""2024-09-09"", ""priority"": ""low""}"
369,Call,12/27/2023,"{""follow_up_date"": ""2024-09-10"", ""priority"": ""low""}"
35,Call,12/28/2023,"{""follow_up_date"": ""2024-05-19"", ""priority"": ""medium""}"
64,Call,12/28/2023,"{""follow_up_date"": ""2024-09-27"", ""priority"": ""medium""}"
916,Call,12/28/2023,"{""follow_up_date"": ""2024-08-02"", ""priority"": ""low""}"
460,Meeting,12/30/2023,"{""follow_up_date"": ""2024-07-23"", ""priority"": ""high""}"
984,Call,12/30/2023,"{""follow_up_date"": ""2024-11-22"", ""priority"": ""high""}"
252,Email,12/30/2023,"{""follow_up_date"": ""2024-12-22"", ""priority"": ""low""}"
305,Email,12/30/2023,"{""follow_up_date"": ""2024-06-15"", ""priority"": ""medium""}"
903,Meeting,12/31/2023,"{""follow_up_date"": ""2024-07-24"", ""priority"": ""high""}"
15,Call,12/31/2023,"{""follow_up_date"": ""2024-09-03"", ""priority"": ""low""}"
847,Email,12/31/2023,"{""follow_up_date"": ""2024-09-06"", ""priority"": ""medium""}"
417,Call,1/1/2024,"{""follow_up_date"": ""2024-08-11"", ""priority"": ""high""}"
817,Call,1/1/2024,"{""follow_up_date"": ""2024-09-18"", ""priority"": ""medium""}"